DIRECTORY,FRUIT,TYPE,CLASS,CITY,BOX-SIZE,COUTRY 
160000152,LAMPONI,KWANZA,SO SUP,MN,8cx125g,IT 
160000153,LAMPONI,ENROSADIRA,SO SUP,MN,8cx125g,IT 
160000154,LAMPONI,VERSAILLES,SO,MN,8cx125g,IT 
160000159,LAMPONI,VERSAILLES,SO,MN,8cx125g,IT 
160000160,LAMPONI,ENROSADIRA,SO SUP,MN,8cx125g,IT 
160000161,LAMPONI,KWANZA,SO SUP,MN,8cx125g,IT 
160000167,LAMPONI,KWANZA,SO,MN,8cx125g,IT 
160000168,LAMPONI,ENROSADIRA,SO SUP,MN,8cx125g,IT 
160000169,LAMPONI,VERSAILLES,SO,MN,8cx125g,IT 
160000208,LAMPONI,KWANZA,SO,VR,8cx125g,IT 
160000217,LAMPONI,AMIRA,SO,VR,8cx125g,IT 
160000237,LAMPONI,KWANZA,SO,VR,8cx125g,IT 
160000238,LAMPONI,AMIRA,DA CONGELARE,VR,10cx125g,IT 
160000240,LAMPONI,KWANZA,SO SUP,VR,8cx125g,IT 
160000242,LAMPONI,AMIRA,SO SUP,VR,8cx125g,IT 
160000243,LAMPONI,KWANZA,SO,VR,8cx125g,IT 
160000244,LAMPONI,AMIRA,SO,VR,8cx125g,IT 
160000248,LAMPONI,AMIRA,DA CONGELARE,VR,10cx125g,IT 
160000249,LAMPONI,AMIRA,SO SUP,VR,8cx125g,IT 
160000250,LAMPONI,KWANZA,SO,VR,8cx125g,IT 
160000251,LAMPONI,KWANZA,SO,VR,8cx125g,IT 
160000252,LAMPONI,AMIRA,SO,VR,8cx125g,IT 
160000256,LAMPONI,KWANZA,SO SUP,VR,8cx125g,IT 
160000257,LAMPONI,AMIRA,SO,VR,8cx125g,IT 
160000258,LAMPONI,KWANZA,SO SUP,VR,8cx125g,IT 
160000262,LAMPONI,AMIRA,DA CONGELARE,VR,10cx125g,IT 
160000264,LAMPONI,KWANZA,SO,VR,8cx125g,IT 
160000265,LAMPONI,AMIRA,SO SUP,VR,8cx125g,IT 
160000266,LAMPONI,AMIRA,SO,VR,8cx125g,IT 
160000267,LAMPONI,KWANZA,SO SUP,VR,8cx125g,IT 
160000268,LAMPONI,KWANZA,SO SUP,VR,8cx125g,IT 
160000278,LAMPONI,KWANZA,DA CONGELARE,VR,10cx125g,IT 
160000284,LAMPONI,KWANZA,DA CONGELARE,VR,10cx125g,IT 
160000285,LAMPONI,AMIRA,SO,VR,8cx125g,IT 
160000286,LAMPONI,KWANZA,SO SUP,VR,8cx125g,IT 
160000287,LAMPONI,KWANZA,SO SUP,VR,8cx125g,IT 
160000288,LAMPONI,AMIRA,SO,VR,8cx125g,IT 
160000294,LAMPONI,KWANZA,DA CONGELARE,VR,10cx125g,IT 
160000295,LAMPONI,KWANZA,SO SUP,VR,8cx125g,IT 
160000296,LAMPONI,KWANZA,SO SUP,VR,8cx125g,IT 
160000806,LAMPONI,REGINA,SO,VR,8cx125g,IT 
160000807,LAMPONI,REGINA,SO,VR,8cx125g,IT 
160000808,LAMPONI,REGINA,SO,VR,8cx125g,IT 
160000810,LAMPONI,AMIRA,SO,VR,8cx125g,IT 
160000814,LAMPONI,REGINA,SO SUP,VR,8cx125g,IT 
160000817,LAMPONI,AMIRA,SO,VR,8cx125g,IT 
160000818,LAMPONI,REGINA,SO SUP,VR,8cx125g,IT 
160000821,LAMPONI,REGINA,SO SUP,VR,8cx125g,IT 
160000822,LAMPONI,AMIRA,SO,VR,8cx125g,IT 
160000823,LAMPONI,AMIRA,SO,VR,8cx125g,IT 
160000825,LAMPONI,AMIRA,SO,VR,8cx125g,IT 
160000842,LAMPONI,AMIRA,SO,VR,8cx125g,IT 
160000848,LAMPONI,REGINA,SO SUP,VR,8cx125g,IT 
160000849,LAMPONI,REGINA,SO,VR,8cx125g,IT 
160000854,LAMPONI,AMIRA,SO,VR,8cx125g,IT 
160000855,LAMPONI,REGINA,SO SUP,VR,8cx125g,IT 
160000861,LAMPONI,AMIRA,DA CONGELARE,VR,10cx125g,IT 
160000863,LAMPONI,AMIRA,SO,VR,8cx125g,IT 
160000864,LAMPONI,REGINA,SO SUP,VR,8cx125g,IT 
160000865,LAMPONI,AMIRA,SO,VR,8cx125g,IT 
160000866,LAMPONI,REGINA,SO SUP,VR,8cx125g,IT 
160000867,LAMPONI,REGINA,SO SUP,VR,8cx125g,IT 
160000868,LAMPONI,AMIRA,SO,VR,8cx125g,IT 
160000869,LAMPONI,-,SO DECLASSATI,VR,8cx125g,IT 
160000873,LAMPONI,AMIRA,SO,VR,8cx125g,IT 
160000877,LAMPONI,AMIRA,SO,VR,8cx125g,IT 
160001372,LAMPONI,KWANZA,SO SUP,VR,8cx125g,IT 
160001529,LAMPONI,KWANZA,SO SUP,MN,8cx125g,IT 
160001533,LAMPONI,KWANZA,SO SUP,MN,8cx125g,IT 
160001701,LAMPONI,AMIRA,DA CONGELARE,VR,10cx125g,IT 
160001912,LAMPONI,REGINA,SO,VR,8cx125g,IT 
160001917,LAMPONI,REGINA,SO SUP,VR,8cx125g,IT 
160001924,LAMPONI,REGINA,SO,VR,8cx125g,IT 
160001931,LAMPONI,REGINA,SO,VR,8cx125g,IT 
160001932,LAMPONI,AMIRA,SO SUP,VR,8cx125g,IT 
160001933,LAMPONI,REGINA,SO,VR,8cx125g,IT 
160001934,LAMPONI,AMIRA,SO,VR,8cx125g,IT 
160001963,LAMPONI,REGINA,SO SUP,VR,8cx125g,IT 
160001964,LAMPONI,AMIRA,SO SUP,VR,8cx125g,IT 
160001971,LAMPONI,REGINA,SO,VR,8cx125g,IT 
160001974,LAMPONI,AMIRA,SO,VR,8cx125g,IT 
160001975,LAMPONI,REGINA,SO,VR,8cx125g,IT 
160001988,LAMPONI,AMIRA,SO,VR,8cx125g,IT 
160001989,LAMPONI,AMIRA,SO,VR,8cx125g,IT 
160001997,LAMPONI,REGINA,SO SUP,VR,8cx125g,IT 
160001999,LAMPONI,REGINA,SO SUP,VR,8cx125g,IT 
160002311,LAMPONI,DIVERSE,SO,RC,8cx125g,IT 
160002315,LAMPONI,VAIOLET,SO SUP,RC,8cx125g,IT 
160002317,LAMPONI,REGINA,SO,RC,8cx125g,IT 
160002343,LAMPONI,DIVERSE,SO DECLASSATI,RC,8cx125g,IT 
160002412,LAMPONI,VAIOLET,SO SUP,RC,8cx125g,IT 
160002414,LAMPONI,DOLOMIA PLUS,SO SUP,RC,8cx125g,IT 
160002415,LAMPONI,DIVERSE,SO,RC,8cx125g,IT 
160002416,LAMPONI,DECLASSATI,INDUSTRIA,RC,10cx125g,IT 
160002417,LAMPONI,DOLOMIA PLUS,SO,RC,8cx125g,IT 
160002418,LAMPONI,DIVERSE,SO,RC,8cx125g,IT 
160002420,LAMPONI,VAJOLET,DA CONGELARE,RC,10cx125g,IT 
160002421,LAMPONI,VAIOLET,SO SUP,RC,8cx125g,IT 
160002422,LAMPONI,VAIOLET,SO SUP,RC,8cx125g,IT 
160002423,LAMPONI,VAJOLET,DA CONGELARE,RC,10cx125g,IT 
160002424,LAMPONI,VAIOLET,SO SUP,RC,8cx125g,IT 
160002425,LAMPONI,DIVERSE,SO DECLASSATI,RC,8cx125g,IT 
160002426,LAMPONI,DOLOMIA PLUS,SO,RC,8cx125g,IT 
160002427,LAMPONI,DIVERSE,SO,RC,8cx125g,IT 
160002429,LAMPONI,VAJOLET,DA CONGELARE,RC,10cx125g,IT 
160002430,LAMPONI,DIVERSE,SO,RC,8cx125g,IT 
160002431,LAMPONI,DOLOMIA PLUS,SO SUP,RC,8cx125g,IT 
160002432,LAMPONI,DIVERSE,SO,RC,8cx125g,IT 
160002446,LAMPONI,DECLASSATI,INDUSTRIA,RC,10cx125g,IT 
160002447,LAMPONI,DOLOMIA PLUS,SO SUP,RC,8cx125g,IT 
160002448,LAMPONI,DIVERSE,SO,RC,8cx125g,IT 
160002449,LAMPONI,DIVERSE,SO DECLASSATI,RC,8cx125g,IT 
160002450,LAMPONI,VAIOLET,SO SUP,RC,8cx125g,IT 
160002451,LAMPONI,DOLOMIA PLUS,SO SUP,RC,8cx125g,IT 
160002452,LAMPONI,DIVERSE,SO,RC,8cx125g,IT 
160002453,LAMPONI,-,NON COMMERCIABILE,RC,10cx125g,IT 
160002454,LAMPONI,DIVERSE,SO,RC,8cx125g,IT 
160002455,LAMPONI,VAIOLET,SO SUP,RC,8cx125g,IT 
160002456,LAMPONI,-,SO DECLASSATI,RC,8cx125g,IT 
160002457,LAMPONI,DOLOMIA PLUS,SO SUP,RC,8cx125g,IT 
160002459,LAMPONI,VAIOLET,SO,RC,8cx125g,IT 
160002460,LAMPONI,VAIOLET,SO SUP,RC,8cx125g,IT 
160002461,LAMPONI,VAIOLET,SO,RC,8cx125g,IT 
160002462,LAMPONI,DOLOMIA PLUS,SO,RC,8cx125g,IT 
160002463,LAMPONI,DIVERSE,SO,RC,8cx125g,IT 
160002481,LAMPONI,VAIOLET,SO,RC,8cx125g,IT 
160002482,LAMPONI,VAIOLET,SO,RC,8cx125g,IT 
160002483,LAMPONI,VAIOLET,SO,RC,8cx125g,IT 
160002484,LAMPONI,DIVERSE,SO,RC,8cx125g,IT 
160002485,LAMPONI,VAJOLET,DA CONGELARE,RC,10cx125g,IT 
160002486,LAMPONI,DOLOMIA PLUS,SO SUP,RC,8cx125g,IT 
160002487,LAMPONI,VAJOLET,DA CONGELARE,RC,10cx125g,IT 
160002488,LAMPONI,VAIOLET,SO SUP,RC,8cx125g,IT 
160002490,LAMPONI,DOLOMIA PLUS,SO SUP,RC,8cx125g,IT 
160002491,LAMPONI,DIVERSE,SO,RC,8cx125g,IT 
160002702,LAMPONI,DIVERSE,SO,RC,8cx125g,IT 
160002703,LAMPONI,REGINA,SO,RC,8cx125g,IT 
160002704,LAMPONI,EVITA,SO,RC,8cx125g,IT 
160002713,LAMPONI,ENROSADIRA,SO,RC,8cx125g,IT 
160002714,LAMPONI,VAIOLET,SO,RC,8cx125g,IT 
160002724,LAMPONI,DOLOMIA PLUS,SO,RC,8cx125g,IT 
160002727,LAMPONI,ENROSADIRA,SO SUP,RC,8cx125g,IT 
160002733,LAMPONI,DIVERSE,SO,RC,8cx125g,IT 
160002736,LAMPONI,DIVERSE,SO,RC,8cx125g,IT 
160002737,LAMPONI,-,SO DECLASSATI,RC,8cx125g,IT 
160002738,LAMPONI,-,SO DECLASSATI,RC,8cx125g,IT 
160002741,LAMPONI,ENROSADIRA,SO SUP,RC,8cx125g,IT 
160002743,LAMPONI,DOLOMIA PLUS,SO,RC,8cx125g,IT 
160002748,LAMPONI,DIVERSE,SO DECLASSATI,RC,8cx125g,IT 
160002771,LAMPONI,DOLOMIA PLUS,SO,RC,8cx125g,IT 
160002782,LAMPONI,DIVERSE,SO DECLASSATI,RC,8cx125g,IT 
160002802,LAMPONI,DIVERSE,SO DECLASSATI,RC,8cx125g,IT 
160002803,LAMPONI,REGINA,SO,RC,8cx125g,IT 
160002804,LAMPONI,EVITA,SO,RC,8cx125g,IT 
160002805,LAMPONI,ENROSADIRA,SO SUP,RC,8cx125g,IT 
160002807,LAMPONI,REGINA,SO,RC,8cx125g,IT 
160002808,LAMPONI,DOLOMIA PLUS,SO,RC,8cx125g,IT 
160002810,LAMPONI,DIVERSE,SO DECLASSATI,RC,8cx125g,IT 
160002825,LAMPONI,DOLOMIA PLUS,SO,RC,8cx125g,IT 
160002826,LAMPONI,DIVERSE,SO DECLASSATI,RC,8cx125g,IT 
160002827,LAMPONI,AMARANTA,SO SUP,RC,8cx125g,IT 
160002828,LAMPONI,REGINA,SO,RC,8cx125g,IT 
160002829,LAMPONI,EVITA,SO,RC,8cx125g,IT 
160002832,LAMPONI,EVITA,SO,RC,8cx125g,IT 
160002833,LAMPONI,ENROSADIRA,SO,RC,8cx125g,IT 
160002834,LAMPONI,REGINA,SO,RC,8cx125g,IT 
160002836,LAMPONI,VAIOLET,SO,RC,8cx125g,IT 
160002838,LAMPONI,DIVERSE,SO,RC,8cx125g,IT 
160002841,LAMPONI,AMARANTA,SO,RC,8cx125g,IT 
160002845,LAMPONI,EVITA,SO,RC,8cx125g,IT 
160002846,LAMPONI,REGINA,SO,RC,8cx125g,IT 
160002847,LAMPONI,ENROSADIRA,SO,RC,8cx125g,IT 
160002849,LAMPONI,DIVERSE,SO,RC,8cx125g,IT 
160002912,LAMPONI,REGINA,SO,RC,8cx125g,IT 
160002916,LAMPONI,DIVERSE,SO,RC,8cx125g,IT 
160002917,LAMPONI,AMARANTA,SO,RC,8cx125g,IT 
160002918,LAMPONI,REGINA,SO,RC,8cx125g,IT 
160002919,LAMPONI,DIVERSE,SO,RC,8cx125g,IT 
160002920,LAMPONI,REGINA,SO,RC,8cx125g,IT 
160002921,LAMPONI,DIVERSE,SO,RC,8cx125g,IT 
160002922,LAMPONI,REGINA,SO,RC,8cx125g,IT 
160002931,LAMPONI,DIVERSE,SO,RC,8cx125g,IT 
160002932,LAMPONI,REGINA,SO,RC,8cx125g,IT 
160002933,LAMPONI,REGINA,SO,RC,8cx125g,IT 
160002934,LAMPONI,DIVERSE,SO,RC,8cx125g,IT 
160002939,LAMPONI,DIVERSE,SO DECLASSATI,RC,8cx125g,IT 
160002940,LAMPONI,REGINA,SO,RC,8cx125g,IT 
160003735,LAMPONI,-,SO DECLASSATI,RC,8cx125g,IT 
160003736,LAMPONI,-,SO DECLASSATI,RC,8cx125g,IT 
160003737,LAMPONI,-,SO DECLASSATI,RC,8cx125g,IT 
160003738,LAMPONI,REGINA,SO,RC,8cx125g,IT 
160003739,LAMPONI,REGINA,SO,RC,8cx125g,IT 
160003741,LAMPONI,DIVERSE,SO,RC,8cx125g,IT 
160003744,LAMPONI,REGINA,SO,RC,8cx125g,IT 
160003749,LAMPONI,-,SO DECLASSATI,RC,8cx125g,IT 
160003750,LAMPONI,DIVERSE,SO,RC,8cx125g,IT 
160003751,LAMPONI,REGINA,SO,RC,8cx125g,IT 
160003752,LAMPONI,DIVERSE,SO,RC,8cx125g,IT 
160003755,LAMPONI,REGINA,DA CONGELARE,RC,10cx125g,IT 
160003756,LAMPONI,DIVERSE,SO,RC,8cx125g,IT 
160003757,LAMPONI,REGINA,DA CONGELARE,RC,10cx125g,IT 
160003758,LAMPONI,-,SO DECLASSATI,RC,8cx125g,IT 
160003762,LAMPONI,DIVERSE,SO,RC,8cx125g,IT 
160003763,LAMPONI,-,SO DECLASSATI,RC,8cx125g,IT 
160003764,LAMPONI,REGINA,DA CONGELARE,RC,10cx125g,IT 
160003765,LAMPONI,REGINA,SO,RC,8cx125g,IT 
160003766,LAMPONI,REGINA,SO,RC,8cx125g,IT 
160003767,LAMPONI,REGINA,SO,RC,8cx125g,IT 
160003768,LAMPONI,REGINA,SO,RC,8cx125g,IT 
160003769,LAMPONI,DIVERSE,SO DECLASSATI,RC,8cx125g,IT 
160003777,LAMPONI,REGINA,SO,RC,8cx125g,IT 
160003778,LAMPONI,REGINA,SO,RC,8cx125g,IT 
160003779,LAMPONI,REGINA,DA CONGELARE,RC,10cx125g,IT 
160003780,LAMPONI,DIVERSE,SO DECLASSATI,RC,8cx125g,IT 
160003786,LAMPONI,REGINA,SO,RC,8cx125g,IT 
160003787,LAMPONI,DIVERSE,SO DECLASSATI,RC,8cx125g,IT 
160003788,LAMPONI,REGINA,SO,RC,8cx125g,IT 
160004149,LAMPONI,REGINA,SO,RC,8cx125g,IT 
160004152,LAMPONI,REGINA,SO SUP,RC,8cx125g,IT 
160004153,LAMPONI,DIVERSE,SO,RC,8cx125g,IT 
160004158,LAMPONI,DIVERSE,SO,RC,8cx125g,IT 
160004159,LAMPONI,REGINA,DA CONGELARE,RC,10cx125g,IT 
160004162,LAMPONI,REGINA,SO,RC,8cx125g,IT 
160004165,LAMPONI,DIVERSE,SO,RC,8cx125g,IT 
160004174,LAMPONI,DIVERSE,SO,RC,8cx125g,IT 
160004175,LAMPONI,DIVERSE,SO,RC,8cx125g,IT 
160004176,LAMPONI,VERSAILLES,SO,RC,8cx125g,IT 
160004177,LAMPONI,PARIS,SO,RC,8cx125g,IT 
160004178,LAMPONI,DIVERSE,SO,RC,8cx125g,IT 
160004179,LAMPONI,PARIS,SO,RC,8cx125g,IT 
160004181,LAMPONI,DIVERSE,SO,RC,8cx125g,IT 
160004182,LAMPONI,-,SO DECLASSATI,RC,8cx125g,IT 
160004184,LAMPONI,REGINA,DA CONGELARE,RC,10cx125g,IT 
160004185,LAMPONI,REGINA,DA CONGELARE,RC,10cx125g,IT 
160004186,LAMPONI,-,SO DECLASSATI,RC,8cx125g,IT 
160004188,LAMPONI,DIVERSE,SO,RC,8cx125g,IT 
160004190,LAMPONI,REGINA,DA CONGELARE,RC,10cx125g,IT 
160004194,LAMPONI,DIVERSE,SO,RC,8cx125g,IT 
160004195,LAMPONI,-,SO DECLASSATI,RC,8cx125g,IT 
160004198,LAMPONI,REGINA,SO,RC,8cx125g,IT 
160004199,LAMPONI,DIVERSE,SO,RC,8cx125g,IT 
160004202,LAMPONI,REGINA,SO,RC,8cx125g,IT 
160004203,LAMPONI,REGINA,SO,RC,8cx125g,IT 
160004204,LAMPONI,DIVERSE,SO,RC,8cx125g,IT 
160004205,LAMPONI,DIVERSE,SO,RC,8cx125g,IT 
160004206,LAMPONI,PARIS,SO SUP,RC,8cx125g,IT 
160004207,LAMPONI,VERSAILLES,SO,RC,8cx125g,IT 
160004208,LAMPONI,DECLASSATI,INDUSTRIA,RC,10cx125g,IT 
160004212,LAMPONI,REGINA,SO SUP,RC,8cx125g,IT 
160004214,LAMPONI,DIVERSE,SO,RC,8cx125g,IT 
160004216,LAMPONI,VERSAILLES,SO,RC,8cx125g,IT 
160004219,LAMPONI,REGINA,SO,RC,8cx125g,IT 
160004222,LAMPONI,DIVERSE,SO,RC,8cx125g,IT 
160004224,LAMPONI,REGINA,SO,RC,8cx125g,IT 
160004244,LAMPONI,REGINA,SO,RC,8cx125g,IT 
160004256,LAMPONI,PARIS,SO,RC,8cx125g,IT 
160004257,LAMPONI,DIVERSE,SO DECLASSATI,RC,8cx125g,IT 
160004258,LAMPONI,REGINA,SO,RC,8cx125g,IT 
160004260,LAMPONI,DIVERSE,SO,RC,8cx125g,IT 
160004267,LAMPONI,REGINA,DA CONGELARE,RC,10cx125g,IT 
160004268,LAMPONI,DIVERSE,SO,RC,8cx125g,IT 
160004269,LAMPONI,DIVERSE,SO,RC,8cx125g,IT 
160004270,LAMPONI,REGINA,SO,RC,8cx125g,IT 
160004276,LAMPONI,REGINA,DA CONGELARE,RC,10cx125g,IT 
160004280,LAMPONI,DIVERSE,SO,RC,8cx125g,IT 
160004281,LAMPONI,PARIS,SO,RC,8cx125g,IT 
160004282,LAMPONI,VERSAILLES,SO,RC,8cx125g,IT 
160004283,LAMPONI,REGINA,DA CONGELARE,RC,10cx125g,IT 
160004284,LAMPONI,VERSAILLES,DA CONGELARE,RC,10cx125g,IT 
160004293,LAMPONI,REGINA,DA CONGELARE,RC,10cx125g,IT 
160004294,LAMPONI,VERSAILLES,SO,RC,8cx125g,IT 
160004295,LAMPONI,DIVERSE,SO,RC,8cx125g,IT 
160004299,LAMPONI,REGINA,SO,RC,8cx125g,IT 
160004409,LAMPONI,DIVERSE,SO DECLASSATI,RC,8cx125g,IT 
160004410,LAMPONI,-,SO DECLASSATI,RC,8cx125g,IT 
160004411,LAMPONI,ERIKA,SO,RC,8cx125g,IT 
160004412,LAMPONI,DIVERSE,SO DECLASSATI,RC,8cx125g,IT 
160004413,LAMPONI,VAIOLET,SO,RC,8cx125g,IT 
160004414,LAMPONI,ERIKA,SO,RC,8cx125g,IT 
160004419,LAMPONI,VAIOLET,SO,RC,8cx125g,IT 
160004420,LAMPONI,ERIKA,SO,RC,8cx125g,IT 
160004423,LAMPONI,DIVERSE,SO DECLASSATI,RC,8cx125g,IT 
160004424,LAMPONI,ERIKA,SO,RC,8cx125g,IT 
160004426,LAMPONI,DIVERSE,SO DECLASSATI,RC,8cx125g,IT 
160004427,LAMPONI,VAIOLET,SO,RC,8cx125g,IT 
160004443,LAMPONI,ERIKA,SO,RC,8cx125g,IT 
160004444,LAMPONI,VAIOLET,SO,RC,8cx125g,IT 
160004445,LAMPONI,DIVERSE,SO DECLASSATI,RC,8cx125g,IT 
160004446,LAMPONI,ERIKA,SO,RC,8cx125g,IT 
160004447,LAMPONI,VAIOLET,SO,RC,8cx125g,IT 
160004448,LAMPONI,DIVERSE,SO DECLASSATI,RC,8cx125g,IT 
160004449,LAMPONI,ERIKA,SO,RC,8cx125g,IT 
160004451,LAMPONI,ERIKA,SO,RC,8cx125g,IT 
160004453,LAMPONI,DIVERSE,SO,RC,8cx125g,IT 
160004455,LAMPONI,VAIOLET,SO,RC,8cx125g,IT 
160004456,LAMPONI,VAIOLET,SO,RC,8cx125g,IT 
160004457,LAMPONI,ERIKA,SO,RC,8cx125g,IT 
160004458,LAMPONI,VAIOLET,SO,RC,8cx125g,IT 
160004459,LAMPONI,DIVERSE,SO DECLASSATI,RC,8cx125g,IT 
160004460,LAMPONI,DECLASSATI,INDUSTRIA,RC,10cx125g,IT 
160004461,LAMPONI,ERIKA,SO,RC,8cx125g,IT 
160004462,LAMPONI,DIVERSE,SO DECLASSATI,RC,8cx125g,IT 
160004463,LAMPONI,DIVERSE,SO,RC,8cx125g,IT 
160004465,LAMPONI,VAIOLET,SO,RC,8cx125g,IT 
160004545,LAMPONI,ERIKA,SO,RC,8cx125g,IT 
160004552,LAMPONI,ERIKA,SO,RC,8cx125g,IT 
160004584,LAMPONI,ERIKA,SO,RC,8cx125g,IT 
160004585,LAMPONI,REGINA,SO,RC,8cx125g,IT 
160004586,LAMPONI,ERIKA,SO,RC,8cx125g,IT 
160004587,LAMPONI,ERIKA,SO,RC,8cx125g,IT 
160004588,LAMPONI,-,SO DECLASSATI,RC,8cx125g,IT 
160004589,LAMPONI,REGINA,SO SUP,RC,8cx125g,IT 
160004590,LAMPONI,REGINA,SO,RC,8cx125g,IT 
160004591,LAMPONI,DECLASSATI,INDUSTRIA,RC,10cx125g,IT 
160004654,LAMPONI,DIVERSE,SO,RC,8cx125g,IT 
160004728,LAMPONI,ERIKA,SO,RC,8cx125g,IT 
160004729,LAMPONI,DIVERSE,SO,RC,8cx125g,IT 
160004730,LAMPONI,ERIKA,DA CONGELARE,RC,10cx125g,IT 
160004731,LAMPONI,ERIKA,SO,RC,8cx125g,IT 
160004732,LAMPONI,DIVERSE,SO,RC,8cx125g,IT 
160004733,LAMPONI,ERIKA,DA CONGELARE,RC,10cx125g,IT 
160004736,LAMPONI,DIVERSE,SO,RC,8cx125g,IT 
160004737,LAMPONI,ERIKA,SO,RC,8cx125g,IT 
160004741,LAMPONI,ERIKA,SO,RC,8cx125g,IT 
160004742,LAMPONI,DIVERSE,SO,RC,8cx125g,IT 
160004743,LAMPONI,ERIKA,DA CONGELARE,RC,10cx125g,IT 
160004749,LAMPONI,ERIKA,SO,RC,8cx125g,IT 
160004750,LAMPONI,DIVERSE,SO DECLASSATI,RC,8cx125g,IT 
160004751,LAMPONI,ERIKA,DA CONGELARE,RC,10cx125g,IT 
160004753,LAMPONI,ERIKA,SO,RC,8cx125g,IT 
160004754,LAMPONI,DIVERSE,SO,RC,8cx125g,IT 
160004755,LAMPONI,ERIKA,DA CONGELARE,RC,10cx125g,IT 
160004758,LAMPONI,ERIKA,SO,RC,8cx125g,IT 
160004759,LAMPONI,DIVERSE,SO,RC,8cx125g,IT 
160004767,LAMPONI,ERIKA,SO,RC,8cx125g,IT 
160004768,LAMPONI,DIVERSE,SO,RC,8cx125g,IT 
160004769,LAMPONI,ERIKA,DA CONGELARE,RC,10cx125g,IT 
160004773,LAMPONI,ERIKA,SO,RC,8cx125g,IT 
160004774,LAMPONI,DIVERSE,SO DECLASSATI,RC,8cx125g,IT 
160005001,LAMPONI,ERIKA,SO,RC,8cx125g,IT 
160005002,LAMPONI,DIVERSE,SO,RC,8cx125g,IT 
160005003,LAMPONI,VAIOLET,SO SUP,RC,8cx125g,IT 
160005004,LAMPONI,AMARANTA,SO SUP,RC,8cx125g,IT 
160005013,LAMPONI,ERIKA,SO,RC,8cx125g,IT 
160005014,LAMPONI,DIVERSE,SO DECLASSATI,RC,8cx125g,IT 
160005015,LAMPONI,VAIOLET,SO SUP,RC,8cx125g,IT 
160005016,LAMPONI,AMARANTA,SO SUP,RC,8cx125g,IT 
160005017,LAMPONI,DIVERSE,SO DECLASSATI,RC,8cx125g,IT 
160005018,LAMPONI,DOLOMIA PLUS,SO,RC,8cx125g,IT 
160005019,LAMPONI,REGINA,SO,RC,8cx125g,IT 
160005021,LAMPONI,VAJOLET,DA CONGELARE,RC,10cx125g,IT 
160005022,LAMPONI,-,SO DECLASSATI,RC,8cx125g,IT 
160005023,LAMPONI,-,SO DECLASSATI,RC,8cx125g,IT 
160005027,LAMPONI,REGINA,SO,RC,8cx125g,IT 
160005028,LAMPONI,DOLOMIA PLUS,SO,RC,8cx125g,IT 
160005029,LAMPONI,REGINA,SO,RC,8cx125g,IT 
160005037,LAMPONI,VAIOLET,SO,RC,8cx125g,IT 
160005038,LAMPONI,DIVERSE,SO,RC,8cx125g,IT 
160005039,LAMPONI,ERIKA,SO,RC,8cx125g,IT 
160005040,LAMPONI,REGINA,SO,RC,8cx125g,IT 
160005041,LAMPONI,DIVERSE,SO,RC,8cx125g,IT 
160005043,LAMPONI,DOLOMIA PLUS,SO,RC,8cx125g,IT 
160005045,LAMPONI,REGINA,SO,RC,8cx125g,IT 
160005046,LAMPONI,DIVERSE,SO DECLASSATI,RC,8cx125g,IT 
160005047,LAMPONI,AMARANTA,SO SUP,RC,8cx125g,IT 
160005048,LAMPONI,VAIOLET,SO SUP,RC,8cx125g,IT 
160005049,LAMPONI,ERIKA,SO SUP,RC,8cx125g,IT 
160005073,LAMPONI,-,SO DECLASSATI,RC,8cx125g,IT 
160005074,LAMPONI,DIVERSE,SO,RC,8cx125g,IT 
160005076,LAMPONI,REGINA,SO,RC,8cx125g,IT 
160005081,LAMPONI,DIVERSE,SO,RC,8cx125g,IT 
160005082,LAMPONI,DOLOMIA PLUS,SO,RC,8cx125g,IT 
160005083,LAMPONI,REGINA,SO,RC,8cx125g,IT 
160005084,LAMPONI,AMARANTA,SO,RC,8cx125g,IT 
160005085,LAMPONI,ERIKA,SO,RC,8cx125g,IT 
160005086,LAMPONI,AMARANTA,SO SUP,RC,8cx125g,IT 
160005094,LAMPONI,DIVERSE,SO,RC,8cx125g,IT 
160005095,LAMPONI,VAIOLET,SO SUP,RC,8cx125g,IT 
160005096,LAMPONI,DOLOMIA PLUS,SO SUP,RC,8cx125g,IT 
160005097,LAMPONI,ERIKA,DA CONGELARE,RC,10cx125g,IT 
160005098,LAMPONI,REGINA,SO,RC,8cx125g,IT 
160005099,LAMPONI,DIVERSE,SO,RC,8cx125g,IT 
160005100,LAMPONI,DOLOMIA PLUS,SO SUP,RC,8cx125g,IT 
160005141,LAMPONI,AMARANTA,SO,RC,8cx125g,IT 
160005142,LAMPONI,EVITA,SO SUP,RC,8cx125g,IT 
160005143,LAMPONI,VAIOLET,SO,RC,8cx125g,IT 
160005144,LAMPONI,REGINA,SO SUP,RC,8cx125g,IT 
160005146,LAMPONI,VAIOLET,SO,RC,8cx125g,IT 
160005147,LAMPONI,-,SO DECLASSATI,RC,8cx125g,IT 
160005148,LAMPONI,AMARANTA,SO,RC,8cx125g,IT 
160005149,LAMPONI,EVITA,SO,RC,8cx125g,IT 
160005150,LAMPONI,VAIOLET,SO,RC,8cx125g,IT 
160005151,LAMPONI,DOLOMIA PLUS,SO,RC,8cx125g,IT 
160005153,LAMPONI,VAIOLET,SO,RC,8cx125g,IT 
160005155,LAMPONI,AMARANTA,SO,RC,8cx125g,IT 
160005156,LAMPONI,REGINA,SO,RC,8cx125g,IT 
160005172,LAMPONI,AMARANTA,SO,RC,8cx125g,IT 
160005173,LAMPONI,EVITA,SO,RC,8cx125g,IT 
160005174,LAMPONI,VAIOLET,SO,RC,8cx125g,IT 
160005176,LAMPONI,VAIOLET,SO,RC,8cx125g,IT 
160005177,LAMPONI,DOLOMIA PLUS,SO,RC,8cx125g,IT 
160005178,LAMPONI,DIVERSE,SO DECLASSATI,RC,8cx125g,IT 
160005179,LAMPONI,VAIOLET,SO,RC,8cx125g,IT 
160005180,LAMPONI,AMARANTA,SO SUP,RC,8cx125g,IT 
160005181,LAMPONI,EVITA,SO SUP,RC,8cx125g,IT 
160005182,LAMPONI,REGINA,SO,RC,8cx125g,IT 
160005192,LAMPONI,EVITA,SO SUP,RC,8cx125g,IT 
160005193,LAMPONI,AMARANTA,SO,RC,8cx125g,IT 
160005194,LAMPONI,VAIOLET,SO,RC,8cx125g,IT 
160005195,LAMPONI,EVITA,SO,RC,8cx125g,IT 
160005196,LAMPONI,REGINA,SO SUP,RC,8cx125g,IT 
160005197,LAMPONI,EVITA,SO SUP,RC,8cx125g,IT 
160005198,LAMPONI,AMARANTA,SO,RC,8cx125g,IT 
160005199,LAMPONI,-,SO DECLASSATI,RC,8cx125g,IT 
160005200,LAMPONI,DOLOMIA PLUS,SO,RC,8cx125g,IT 
160005201,LAMPONI,VAIOLET,SO,RC,8cx125g,IT 
160005202,LAMPONI,REGINA,SO,RC,8cx125g,IT 
160005203,LAMPONI,ERIKA,SO,RC,8cx125g,IT 
160005205,LAMPONI,DIVERSE,SO DECLASSATI,RC,8cx125g,IT 
160005206,LAMPONI,REGINA,SO,RC,8cx125g,IT 
160005207,LAMPONI,VAJOLET,DA CONGELARE,RC,10cx125g,IT 
160005218,LAMPONI,VAIOLET,SO,RC,8cx125g,IT 
160005242,LAMPONI,ERIKA,SO,RC,8cx125g,IT 
160005243,LAMPONI,REGINA,SO,RC,8cx125g,IT 
160005244,LAMPONI,DIVERSE,SO,RC,8cx125g,IT 
160005245,LAMPONI,VAIOLET,SO,RC,8cx125g,IT 
160005246,LAMPONI,DIVERSE,SO,RC,8cx125g,IT 
160005247,LAMPONI,REGINA,SO,RC,8cx125g,IT 
160005248,LAMPONI,VAIOLET,SO SUP,RC,8cx125g,IT 
160005249,LAMPONI,ERIKA,SO,RC,8cx125g,IT 
160005250,LAMPONI,REGINA,SO,RC,8cx125g,IT 
160005251,LAMPONI,DIVERSE,SO,RC,8cx125g,IT 
160005253,LAMPONI,REGINA,DA CONGELARE,RC,10cx125g,IT 
160005254,LAMPONI,DIVERSE,SO DECLASSATI,RC,8cx125g,IT 
160005255,LAMPONI,REGINA,SO,RC,8cx125g,IT 
160005256,LAMPONI,VAJOLET,DA CONGELARE,RC,10cx125g,IT 
160005257,LAMPONI,REGINA,SO,RC,8cx125g,IT 
160005258,LAMPONI,DIVERSE,SO,RC,8cx125g,IT 
160005259,LAMPONI,ERIKA,SO,RC,8cx125g,IT 
160005260,LAMPONI,DIVERSE,SO,RC,8cx125g,IT 
160005262,LAMPONI,VAIOLET,SO,RC,8cx125g,IT 
160005263,LAMPONI,DIVERSE,SO,RC,8cx125g,IT 
160005265,LAMPONI,REGINA,DA CONGELARE,RC,10cx125g,IT 
160005274,LAMPONI,ERIKA,SO,RC,8cx125g,IT 
160005277,LAMPONI,DIVERSE,SO,RC,8cx125g,IT 
160005280,LAMPONI,VAIOLET,SO,RC,8cx125g,IT 
160005281,LAMPONI,VAIOLET,SO,RC,8cx125g,IT 
160005283,LAMPONI,REGINA,SO,RC,8cx125g,IT 
160005284,LAMPONI,VAIOLET,SO,RC,8cx125g,IT 
160005285,LAMPONI,DIVERSE,SO,RC,8cx125g,IT 
160005286,LAMPONI,VAIOLET,SO,RC,8cx125g,IT 
160005287,LAMPONI,REGINA,SO,RC,8cx125g,IT 
160005288,LAMPONI,VAIOLET,SO,RC,8cx125g,IT 
160005289,LAMPONI,DIVERSE,SO,RC,8cx125g,IT 
160005294,LAMPONI,DIVERSE,SO,RC,8cx125g,IT 
160005295,LAMPONI,DIVERSE,SO,RC,8cx125g,IT 
160005296,LAMPONI,VAJOLET,DA CONGELARE,RC,10cx125g,IT 
160005299,LAMPONI,REGINA,SO,RC,8cx125g,IT 
160005300,LAMPONI,VAIOLET,SO,RC,8cx125g,IT 
160005303,LAMPONI,EVITA,SO,RC,8cx125g,IT 
160005304,LAMPONI,DIVERSE,SO DECLASSATI,RC,8cx125g,IT 
160005322,LAMPONI,REGINA,SO,RC,8cx125g,IT 
160005327,LAMPONI,DIVERSE,SO,RC,8cx125g,IT 
160005328,LAMPONI,REGINA,SO,RC,8cx125g,IT 
160005329,LAMPONI,EVITA,SO,RC,8cx125g,IT 
160005342,LAMPONI,REGINA,SO,RC,8cx125g,IT 
160005490,LAMPONI,ERIKA,SO,RC,8cx125g,IT 
160005491,LAMPONI,VAIOLET,SO,RC,8cx125g,IT 
160005492,LAMPONI,DIVERSE,SO DECLASSATI,RC,8cx125g,IT 
160005493,LAMPONI,VAJOLET,DA CONGELARE,RC,10cx125g,IT 
160005494,LAMPONI,DIVERSE,SO DECLASSATI,RC,8cx125g,IT 
160005495,LAMPONI,-,SO DECLASSATI,RC,8cx125g,IT 
160005496,LAMPONI,-,SO DECLASSATI,RC,8cx125g,IT 
160005498,LAMPONI,VAIOLET,SO,RC,8cx125g,IT 
160005499,LAMPONI,VAIOLET,SO,RC,8cx125g,IT 
160005500,LAMPONI,-,SO DECLASSATI,RC,8cx125g,IT 
160005544,LAMPONI,VAIOLET,SO,RC,8cx125g,IT 
160005546,LAMPONI,REGINA,SO SUP,RC,8cx125g,IT 
160005547,LAMPONI,EVITA,SO,RC,8cx125g,IT 
160005548,LAMPONI,DIVERSE,SO,RC,8cx125g,IT 
160005549,LAMPONI,DIVERSE,SO,RC,8cx125g,IT 
160005550,LAMPONI,VAIOLET,SO,RC,8cx125g,IT 
160005552,LAMPONI,EVITA,SO SUP,RC,8cx125g,IT 
160005554,LAMPONI,REGINA,SO SUP,RC,8cx125g,IT 
160005556,LAMPONI,VAIOLET,SO,RC,8cx125g,IT 
160005560,LAMPONI,REGINA,SO SUP,RC,8cx125g,IT 
160005561,LAMPONI,EVITA,SO SUP,RC,8cx125g,IT 
160005576,LAMPONI,VAIOLET,SO,RC,8cx125g,IT 
160005578,LAMPONI,EVITA,SO,RC,8cx125g,IT 
160005579,LAMPONI,REGINA,SO,RC,8cx125g,IT 
160005580,LAMPONI,DIVERSE,SO,RC,8cx125g,IT 
160005583,LAMPONI,REGINA,SO,RC,8cx125g,IT 
160005584,LAMPONI,EVITA,SO,RC,8cx125g,IT 
160005586,LAMPONI,DIVERSE,SO,RC,8cx125g,IT 
160005595,LAMPONI,VAIOLET,SO,RC,8cx125g,IT 
160005598,LAMPONI,REGINA,SO,RC,8cx125g,IT 
160005599,LAMPONI,EVITA,SO,RC,8cx125g,IT 
160005600,LAMPONI,DIVERSE,SO,RC,8cx125g,IT 
160005698,LAMPONI,DIVERSE,SO,RC,8cx125g,IT 
160005708,LAMPONI,ERIKA,SO,RC,8cx125g,IT 
160005710,LAMPONI,DIVERSE,SO DECLASSATI,RC,8cx125g,IT 
160005711,LAMPONI,AMARANTA,SO,RC,8cx125g,IT 
160005712,LAMPONI,ERIKA,SO,RC,8cx125g,IT 
160005713,LAMPONI,DIVERSE,SO DECLASSATI,RC,8cx125g,IT 
160005714,LAMPONI,ERIKA,SO,RC,8cx125g,IT 
160005715,LAMPONI,REGINA,SO,RC,8cx125g,IT 
160005716,LAMPONI,ERIKA,SO,RC,8cx125g,IT 
160005717,LAMPONI,DIVERSE,SO DECLASSATI,RC,8cx125g,IT 
160005718,LAMPONI,AMARANTA,SO SUP,RC,8cx125g,IT 
160005719,LAMPONI,ERIKA,SO,RC,8cx125g,IT 
160005720,LAMPONI,AMARANTA,SO,RC,8cx125g,IT 
160005721,LAMPONI,ERIKA,SO,RC,8cx125g,IT 
160005722,LAMPONI,REGINA,SO,RC,8cx125g,IT 
160005723,LAMPONI,ERIKA,SO SUP,RC,8cx125g,IT 
160005726,LAMPONI,ERIKA,SO,RC,8cx125g,IT 
160005732,LAMPONI,REGINA,SO,RC,8cx125g,IT 
160005733,LAMPONI,ERIKA,SO,RC,8cx125g,IT 
160005734,LAMPONI,DIVERSE,SO DECLASSATI,RC,8cx125g,IT 
160005736,LAMPONI,ERIKA,SO,RC,8cx125g,IT 
160005737,LAMPONI,AMARANTA,SO,RC,8cx125g,IT 
160005738,LAMPONI,ERIKA,SO,RC,8cx125g,IT 
160005739,LAMPONI,REGINA,SO,RC,8cx125g,IT 
160005740,LAMPONI,DIVERSE,SO DECLASSATI,RC,8cx125g,IT 
160005752,LAMPONI,ERIKA,SO,RC,8cx125g,IT 
160005754,LAMPONI,AMARANTA,SO,RC,8cx125g,IT 
160005755,LAMPONI,REGINA,SO,RC,8cx125g,IT 
160005756,LAMPONI,DIVERSE,SO DECLASSATI,RC,8cx125g,IT 
160005757,LAMPONI,ERIKA,SO,RC,8cx125g,IT 
160005764,LAMPONI,REGINA,SO,RC,8cx125g,IT 
160005766,LAMPONI,AMARANTA,SO,RC,8cx125g,IT 
160005767,LAMPONI,DIVERSE,SO DECLASSATI,RC,8cx125g,IT 
160005801,LAMPONI,ERIKA,SO,VV,8cx125g,IT 
160005802,LAMPONI,ERIKA,SO,VV,8cx125g,IT 
160005805,LAMPONI,ERIKA,SO,VV,8cx125g,IT 
160005806,LAMPONI,ERIKA,SO,VV,8cx125g,IT 
160005811,LAMPONI,ERIKA,SO,VV,8cx125g,IT 
160005812,LAMPONI,ERIKA,SO,VV,8cx125g,IT 
160005815,LAMPONI,DIVERSE,SO DECLASSATI,VV,8cx125g,IT 
160005819,LAMPONI,DIVERSE,SO DECLASSATI,VV,8cx125g,IT 
160005820,LAMPONI,ERIKA,SO,VV,8cx125g,IT 
160005821,LAMPONI,ERIKA,SO,VV,8cx125g,IT 
160005929,LAMPONI,VAIOLET,SO,RC,8cx125g,IT 
160005930,LAMPONI,VAIOLET,SO,RC,8cx125g,IT 
160005931,LAMPONI,-,SO DECLASSATI,RC,8cx125g,IT 
160005932,LAMPONI,-,SO DECLASSATI,RC,8cx125g,IT 
160005933,LAMPONI,VAJOLET,DA CONGELARE,RC,10cx125g,IT 
160005934,LAMPONI,-,SO DECLASSATI,RC,8cx125g,IT 
160005936,LAMPONI,VAIOLET,SO,RC,8cx125g,IT 
160005937,LAMPONI,VAIOLET,SO,RC,8cx125g,IT 
160005938,LAMPONI,VAIOLET,SO,RC,8cx125g,IT 
160005939,LAMPONI,VAIOLET,SO,RC,8cx125g,IT 
160005941,LAMPONI,VAIOLET,SO,RC,8cx125g,IT 
160005950,LAMPONI,VAIOLET,SO,RC,8cx125g,IT 
160005952,LAMPONI,VAIOLET,SO,RC,8cx125g,IT 
160005953,LAMPONI,-,SO DECLASSATI,RC,8cx125g,IT 
160005954,LAMPONI,VAJOLET,DA CONGELARE,RC,10cx125g,IT 
160005956,LAMPONI,DOLOMIA PLUS,SO,RC,8cx125g,IT 
160005957,LAMPONI,VAIOLET,SO,RC,8cx125g,IT 
160005958,LAMPONI,DOLOMIA PLUS,SO,RC,8cx125g,IT 
160005960,LAMPONI,REGINA,SO,RC,8cx125g,IT 
160005967,LAMPONI,VAIOLET,SO,RC,8cx125g,IT 
160005969,LAMPONI,VAIOLET,SO,RC,8cx125g,IT 
160005971,LAMPONI,-,SO DECLASSATI,RC,8cx125g,IT 
160005972,LAMPONI,VAIOLET,SO,RC,8cx125g,IT 
160005973,LAMPONI,DECLASSATI,INDUSTRIA,RC,10cx125g,IT 
160005983,LAMPONI,VAIOLET,SO,RC,8cx125g,IT 
160005986,LAMPONI,-,SO DECLASSATI,RC,8cx125g,IT 
160005989,LAMPONI,-,SO DECLASSATI,RC,8cx125g,IT 
160005992,LAMPONI,VAIOLET,SO,RC,8cx125g,IT 
160005995,LAMPONI,DIVERSE,SO,RC,8cx125g,IT 
160006094,LAMPONI,REGINA,SO,RC,8cx125g,IT 
160006096,LAMPONI,DIVERSE,SO DECLASSATI,RC,8cx125g,IT 
160006097,LAMPONI,-,SO DECLASSATI,RC,8cx125g,IT 
160006151,LAMPONI,AMARANTA,SO,RC,8cx125g,IT 
160006152,LAMPONI,AMARANTA,SO,RC,8cx125g,IT 
160006156,LAMPONI,ERIKA,SO,RC,8cx125g,IT 
160006157,LAMPONI,AMARANTA,SO,RC,8cx125g,IT 
160006169,LAMPONI,AMARANTA,SO,RC,8cx125g,IT 
160006178,LAMPONI,ERIKA,SO,RC,8cx125g,IT 
160006179,LAMPONI,AMARANTA,SO,RC,8cx125g,IT 
160006182,LAMPONI,AMARANTA,SO,RC,8cx125g,IT 
160006191,LAMPONI,AMARANTA,SO,RC,8cx125g,IT 
160006196,LAMPONI,ERIKA,SO,RC,8cx125g,IT 
160006673,LAMPONI,REGINA,SO SUP,RC,8cx125g,IT 
160006675,LAMPONI,AMARANTA,SO SUP,RC,8cx125g,IT 
160006676,LAMPONI,DIVERSE,SO,RC,8cx125g,IT 
160006677,LAMPONI,DIVERSE,SO,RC,8cx125g,IT 
160006678,LAMPONI,REGINA,SO SUP,RC,8cx125g,IT 
160006679,LAMPONI,AMARANTA,SO SUP,RC,8cx125g,IT 
160006680,LAMPONI,DIVERSE,SO,RC,8cx125g,IT 
160006681,LAMPONI,REGINA,SO SUP,RC,8cx125g,IT 
160006682,LAMPONI,REGINA,SO SUP,RC,8cx125g,IT 
160006685,LAMPONI,AMARANTA,SO SUP,RC,8cx125g,IT 
160006686,LAMPONI,DIVERSE,SO,RC,8cx125g,IT 
160006687,LAMPONI,REGINA,SO,RC,8cx125g,IT 
160006695,LAMPONI,REGINA,SO,RC,8cx125g,IT 
160006696,LAMPONI,DIVERSE,SO,RC,8cx125g,IT 
160006697,LAMPONI,DIVERSE,SO,RC,8cx125g,IT 
160006698,LAMPONI,REGINA,SO,RC,8cx125g,IT 
160006699,LAMPONI,REGINA,SO SUP,RC,8cx125g,IT 
160006700,LAMPONI,DIVERSE,SO,RC,8cx125g,IT 
160006883,LAMPONI,REGINA,SO SUP,RC,8cx125g,IT 
160006885,LAMPONI,REGINA,SO,RC,8cx125g,IT 
160006887,LAMPONI,-,SO DECLASSATI,RC,8cx125g,IT 
160006890,LAMPONI,REGINA,SO,RC,8cx125g,IT 
160006891,LAMPONI,-,SO DECLASSATI,RC,8cx125g,IT 
160006898,LAMPONI,DIVERSE,SO DECLASSATI,RC,8cx125g,IT 
160007081,LAMPONI,AMARANTA,SO,RC,8cx125g,IT 
160007082,LAMPONI,ERIKA,SO SUP,RC,8cx125g,IT 
160007085,LAMPONI,-,SO DECLASSATI,RC,8cx125g,IT 
160007086,LAMPONI,REGINA,SO,RC,8cx125g,IT 
160007087,LAMPONI,AMARANTA,SO,RC,8cx125g,IT 
160007088,LAMPONI,ERIKA,SO,RC,8cx125g,IT 
160007089,LAMPONI,ERIKA,SO,RC,8cx125g,IT 
160007090,LAMPONI,-,SO DECLASSATI,RC,8cx125g,IT 
160007091,LAMPONI,REGINA,SO,RC,8cx125g,IT 
160007092,LAMPONI,ERIKA,SO,RC,8cx125g,IT 
160007093,LAMPONI,AMARANTA,SO,RC,8cx125g,IT 
160007094,LAMPONI,ERIKA,SO,RC,8cx125g,IT 
160007095,LAMPONI,ERIKA,SO,RC,8cx125g,IT 
160007168,LAMPONI,DECLASSATI,INDUSTRIA,RC,10cx125g,IT 
160007169,LAMPONI,DOLOMIA PLUS,SO,RC,8cx125g,IT 
160007170,LAMPONI,VAIOLET,SO SUP,RC,8cx125g,IT 
160007171,LAMPONI,DIVERSE,SO,RC,8cx125g,IT 
160007172,LAMPONI,VAIOLET,SO,RC,8cx125g,IT 
160007173,LAMPONI,DIVERSE,SO DECLASSATI,RC,8cx125g,IT 
160007174,LAMPONI,VAIOLET,SO SUP,RC,8cx125g,IT 
160007175,LAMPONI,DOLOMIA PLUS,SO,RC,8cx125g,IT 
160007176,LAMPONI,VAJOLET,DA CONGELARE,RC,10cx125g,IT 
160007179,LAMPONI,VAIOLET,SO,RC,8cx125g,IT 
160007180,LAMPONI,VAJOLET,DA CONGELARE,RC,10cx125g,IT 
160007181,LAMPONI,-,SO DECLASSATI,RC,8cx125g,IT 
160007182,LAMPONI,VAIOLET,SO,RC,8cx125g,IT 
160007183,LAMPONI,DIVERSE,SO DECLASSATI,RC,8cx125g,IT 
160007184,LAMPONI,-,SO DECLASSATI,RC,8cx125g,IT 
160007185,LAMPONI,-,SO DECLASSATI,RC,8cx125g,IT 
160007186,LAMPONI,DIVERSE,SO,RC,8cx125g,IT 
160007187,LAMPONI,DOLOMIA PLUS,SO,RC,8cx125g,IT 
160007188,LAMPONI,VAJOLET,DA CONGELARE,RC,10cx125g,IT 
160007191,LAMPONI,DOLOMIA PLUS,SO,RC,8cx125g,IT 
160007192,LAMPONI,VAIOLET,SO,RC,8cx125g,IT 
160007193,LAMPONI,VAIOLET,SO SUP,RC,8cx125g,IT 
160007194,LAMPONI,DOLOMIA PLUS,SO SUP,RC,8cx125g,IT 
160007332,LAMPONI,DIVERSE,SO,RC,8cx125g,IT 
160007338,LAMPONI,VAIOLET,SO,RC,8cx125g,IT 
160007339,LAMPONI,DECLASSATI,INDUSTRIA,RC,10cx125g,IT 
160007340,LAMPONI,ENROSADIRA,SO SUP,RC,8cx125g,IT 
160007341,LAMPONI,DIVERSE,SO DECLASSATI,RC,8cx125g,IT 
160007343,LAMPONI,DOLOMIA PLUS,SO,RC,8cx125g,IT 
160007348,LAMPONI,-,SO DECLASSATI,RC,8cx125g,IT 
160007349,LAMPONI,REGINA,SO,RC,8cx125g,IT 
160007351,LAMPONI,EVITA,SO,RC,8cx125g,IT 
160007357,LAMPONI,EVITA,SO,RC,8cx125g,IT 
160007359,LAMPONI,REGINA,SO,RC,8cx125g,IT 
160007360,LAMPONI,AMARANTA,SO,RC,8cx125g,IT 
160007361,LAMPONI,ENROSADIRA,SO,RC,8cx125g,IT 
160007363,LAMPONI,-,SO DECLASSATI,RC,8cx125g,IT 
160007364,LAMPONI,VAIOLET,SO,RC,8cx125g,IT 
160007365,LAMPONI,VAIOLET,SO,RC,8cx125g,IT 
160007368,LAMPONI,DIVERSE,SO,RC,8cx125g,IT 
160007371,LAMPONI,EVITA,SO,RC,8cx125g,IT 
160007373,LAMPONI,EVITA,SO,RC,8cx125g,IT 
160007377,LAMPONI,REGINA,SO,RC,8cx125g,IT 
160007379,LAMPONI,ENROSADIRA,SO SUP,RC,8cx125g,IT 
160007417,LAMPONI,VAIOLET,SO,RC,8cx125g,IT 
160007418,LAMPONI,DOLOMIA PLUS,SO,RC,8cx125g,IT 
160007419,LAMPONI,VAIOLET,SO,RC,8cx125g,IT 
160007421,LAMPONI,DOLOMIA PLUS,SO,RC,8cx125g,IT 
160007422,LAMPONI,DOLOMIA PLUS,SO,RC,8cx125g,IT 
160007424,LAMPONI,DOLOMIA PLUS,SO,RC,8cx125g,IT 
160007431,LAMPONI,DIVERSE,SO DECLASSATI,RC,8cx125g,IT 
160007436,LAMPONI,-,SO DECLASSATI,RC,8cx125g,IT 
160007437,LAMPONI,DOLOMIA PLUS,SO,RC,8cx125g,IT 
160007440,LAMPONI,DIVERSE,SO DECLASSATI,RC,8cx125g,IT 
160007441,LAMPONI,VAIOLET,SO,RC,8cx125g,IT 
160007442,LAMPONI,DIVERSE,SO DECLASSATI,RC,8cx125g,IT 
160007443,LAMPONI,DOLOMIA PLUS,SO,RC,8cx125g,IT 
160007447,LAMPONI,DOLOMIA PLUS,SO,RC,8cx125g,IT 
160007448,LAMPONI,DIVERSE,SO,RC,8cx125g,IT 
160007450,LAMPONI,DIVERSE,SO DECLASSATI,RC,8cx125g,IT 
160007451,LAMPONI,DOLOMIA PLUS,SO,RC,8cx125g,IT 
160007458,LAMPONI,DOLOMIA PLUS,SO,RC,8cx125g,IT 
160007801,LAMPONI,VAIOLET,SO SUP,RC,8cx125g,IT 
160007802,LAMPONI,DIVERSE,SO,RC,8cx125g,IT 
160007803,LAMPONI,ERIKA,SO,RC,8cx125g,IT 
160007805,LAMPONI,DOLOMIA PLUS,SO,RC,8cx125g,IT 
160007806,LAMPONI,-,SO DECLASSATI,RC,8cx125g,IT 
160007807,LAMPONI,VAIOLET,SO SUP,RC,8cx125g,IT 
160007808,LAMPONI,AMARANTA,SO SUP,RC,8cx125g,IT 
160007809,LAMPONI,ERIKA,SO,RC,8cx125g,IT 
160007810,LAMPONI,DIVERSE,SO,RC,8cx125g,IT 
160008023,LAMPONI,DIVERSE,SO,RC,8cx125g,IT 
160008024,LAMPONI,VAIOLET,SO,RC,8cx125g,IT 
160008025,LAMPONI,-,SO DECLASSATI,RC,8cx125g,IT 
160008026,LAMPONI,DIVERSE,SO,RC,8cx125g,IT 
160008028,LAMPONI,DIVERSE,SO,RC,8cx125g,IT 
160008033,LAMPONI,DIVERSE,SO,RC,8cx125g,IT 
160008035,LAMPONI,VAIOLET,SO SUP,RC,8cx125g,IT 
160008036,LAMPONI,VAIOLET,SO,RC,8cx125g,IT 
160008037,LAMPONI,DIVERSE,SO,RC,8cx125g,IT 
160008038,LAMPONI,VAIOLET,SO,RC,8cx125g,IT 
160008040,LAMPONI,VAIOLET,SO SUP,RC,8cx125g,IT 
160008045,LAMPONI,VAIOLET,SO,RC,8cx125g,IT 
160008048,LAMPONI,VAIOLET,SO,RC,8cx125g,IT 
160008049,LAMPONI,VAIOLET,SO,RC,8cx125g,IT 
160008050,LAMPONI,DIVERSE,SO,RC,8cx125g,IT 
160008054,LAMPONI,VAIOLET,SO,RC,8cx125g,IT 
160008055,LAMPONI,DIVERSE,SO,RC,8cx125g,IT 
160008077,LAMPONI,ERIKA,SO,RC,8cx125g,IT 
160008080,LAMPONI,-,SO DECLASSATI,RC,8cx125g,IT 
160008085,LAMPONI,VAIOLET,SO,RC,8cx125g,IT 
160008086,LAMPONI,DIVERSE,SO DECLASSATI,RC,8cx125g,IT 
160008087,LAMPONI,VAIOLET,SO,RC,8cx125g,IT 
160008088,LAMPONI,DIVERSE,SO,RC,8cx125g,IT 
160008091,LAMPONI,VAIOLET,SO,RC,8cx125g,IT 
160008092,LAMPONI,DIVERSE,SO,RC,8cx125g,IT 
160008093,LAMPONI,VAIOLET,SO,RC,8cx125g,IT 
160008094,LAMPONI,DIVERSE,SO,RC,8cx125g,IT 
160008102,LAMPONI,ERIKA,SO,RC,8cx125g,IT 
160008104,LAMPONI,VAIOLET,SO,RC,8cx125g,IT 
160008108,LAMPONI,DIVERSE,SO DECLASSATI,RC,8cx125g,IT 
160008118,LAMPONI,DIVERSE,SO,RC,8cx125g,IT 
160008121,LAMPONI,DIVERSE,SO,RC,8cx125g,IT 
160008122,LAMPONI,ERIKA,SO,RC,8cx125g,IT 
160008123,LAMPONI,VAIOLET,SO,RC,8cx125g,IT 
160008124,LAMPONI,DIVERSE,SO DECLASSATI,RC,8cx125g,IT 
160008125,LAMPONI,ERIKA,SO,RC,8cx125g,IT 
160008127,LAMPONI,DIVERSE,SO,RC,8cx125g,IT 
160008151,LAMPONI,-,SO DECLASSATI,RC,8cx125g,IT 
160008157,LAMPONI,DIVERSE,SO DECLASSATI,RC,8cx125g,IT 
160008158,LAMPONI,ERIKA,SO,RC,8cx125g,IT 
160008161,LAMPONI,VAIOLET,SO,RC,8cx125g,IT 
160008163,LAMPONI,VAIOLET,SO,RC,8cx125g,IT 
160008164,LAMPONI,DIVERSE,SO,RC,8cx125g,IT 
160008165,LAMPONI,VAIOLET,SO,RC,8cx125g,IT 
160008168,LAMPONI,ERIKA,SO,RC,8cx125g,IT 
160008169,LAMPONI,DIVERSE,SO DECLASSATI,RC,8cx125g,IT 
160008206,LAMPONI,DIVERSE,SO,RC,8cx125g,IT 
160008207,LAMPONI,REGINA,SO,RC,8cx125g,IT 
160008208,LAMPONI,DIVERSE,SO,RC,8cx125g,IT 
160008209,LAMPONI,ERIKA,SO,RC,8cx125g,IT 
160008210,LAMPONI,DIVERSE,SO,RC,8cx125g,IT 
160008211,LAMPONI,VAIOLET,SO,RC,8cx125g,IT 
160008309,LAMPONI,VAIOLET,SO,RC,8cx125g,IT 
160008310,LAMPONI,DIVERSE,SO,RC,8cx125g,IT 
160008311,LAMPONI,VAIOLET,SO,RC,8cx125g,IT 
160008312,LAMPONI,REGINA,SO,RC,8cx125g,IT 
160008313,LAMPONI,DIVERSE,SO,RC,8cx125g,IT 
160008314,LAMPONI,REGINA,SO,RC,8cx125g,IT 
160008315,LAMPONI,DIVERSE,SO,RC,8cx125g,IT 
160008316,LAMPONI,REGINA,DA CONGELARE,RC,10cx125g,IT 
160008322,LAMPONI,EVITA,SO,RC,8cx125g,IT 
160008323,LAMPONI,ERIKA,SO SUP,RC,8cx125g,IT 
160008324,LAMPONI,EVITA,SO,RC,8cx125g,IT 
160008328,LAMPONI,DECLASSATI,INDUSTRIA,RC,10cx125g,IT 
160008329,LAMPONI,DIVERSE,SO,RC,8cx125g,IT 
160008330,LAMPONI,DIVERSE,SO DECLASSATI,RC,8cx125g,IT 
160008331,LAMPONI,DIVERSE,SO,RC,8cx125g,IT 
160008332,LAMPONI,-,SO DECLASSATI,RC,8cx125g,IT 
160008333,LAMPONI,DIVERSE,SO DECLASSATI,RC,8cx125g,IT 
160008334,LAMPONI,ERIKA,SO SUP,RC,8cx125g,IT 
160008335,LAMPONI,VAIOLET,SO,RC,8cx125g,IT 
160008336,LAMPONI,REGINA,SO,RC,8cx125g,IT 
160008337,LAMPONI,VAIOLET,SO,RC,8cx125g,IT 
160008338,LAMPONI,-,SO DECLASSATI,RC,8cx125g,IT 
160008341,LAMPONI,DIVERSE,SO,RC,8cx125g,IT 
160008350,LAMPONI,DIVERSE,SO,RC,8cx125g,IT 
160008351,LAMPONI,REGINA,DA CONGELARE,RC,10cx125g,IT 
160008352,LAMPONI,EVITA,SO,RC,8cx125g,IT 
160008353,LAMPONI,DIVERSE,SO,RC,8cx125g,IT 
160008354,LAMPONI,-,SO DECLASSATI,RC,8cx125g,IT 
160008356,LAMPONI,DIVERSE,SO,RC,8cx125g,IT 
160008357,LAMPONI,REGINA,SO,RC,8cx125g,IT 
160008358,LAMPONI,ERIKA,SO,RC,8cx125g,IT 
160008359,LAMPONI,REGINA,SO,RC,8cx125g,IT 
160008361,LAMPONI,VAIOLET,SO,RC,8cx125g,IT 
160008365,LAMPONI,DIVERSE,SO DECLASSATI,RC,8cx125g,IT 
160008368,LAMPONI,EVITA,SO,RC,8cx125g,IT 
160008369,LAMPONI,REGINA,SO,RC,8cx125g,IT 
160008370,LAMPONI,VAIOLET,SO,RC,8cx125g,IT 
160008371,LAMPONI,ERIKA,SO,RC,8cx125g,IT 
160008372,LAMPONI,DIVERSE,SO,RC,8cx125g,IT 
160008373,LAMPONI,DIVERSE,SO,RC,8cx125g,IT 
160008374,LAMPONI,DIVERSE,SO,RC,8cx125g,IT 
160008375,LAMPONI,DIVERSE,SO,RC,8cx125g,IT 
160008376,LAMPONI,ERIKA,DA CONGELARE,RC,10cx125g,IT 
160008389,LAMPONI,ERIKA,SO,RC,8cx125g,IT 
160008394,LAMPONI,DIVERSE,SO,RC,8cx125g,IT 
160008398,LAMPONI,VAIOLET,SO,RC,8cx125g,IT 
160008399,LAMPONI,DIVERSE,SO,RC,8cx125g,IT 
160008400,LAMPONI,REGINA,SO,RC,8cx125g,IT 
160008406,LAMPONI,-,SO DECLASSATI,RC,8cx125g,IT 
160008407,LAMPONI,DIVERSE,SO,RC,8cx125g,IT 
160008410,LAMPONI,-,SO DECLASSATI,RC,8cx125g,IT 
160008413,LAMPONI,VAJOLET,DA CONGELARE,RC,10cx125g,IT 
160008423,LAMPONI,REGINA,SO,RC,8cx125g,IT 
160008425,LAMPONI,DIVERSE,SO,RC,8cx125g,IT 
160008426,LAMPONI,REGINA,DA CONGELARE,RC,10cx125g,IT 
160008428,LAMPONI,REGINA,SO,RC,8cx125g,IT 
160008429,LAMPONI,DIVERSE,SO,RC,8cx125g,IT 
160008430,LAMPONI,REGINA,SO,RC,8cx125g,IT 
160008431,LAMPONI,DIVERSE,SO,RC,8cx125g,IT 
160008432,LAMPONI,REGINA,DA CONGELARE,RC,10cx125g,IT 
160008435,LAMPONI,DIVERSE,SO,RC,8cx125g,IT 
160008436,LAMPONI,PARIS,SO,RC,8cx125g,IT 
160008438,LAMPONI,DIVERSE,SO,RC,8cx125g,IT 
160008439,LAMPONI,REGINA,SO,RC,8cx125g,IT 
160008450,LAMPONI,REGINA,DA CONGELARE,RC,10cx125g,IT 
160008451,LAMPONI,REGINA,SO,RC,8cx125g,IT 
160008453,LAMPONI,-,SO DECLASSATI,RC,8cx125g,IT 
160008469,LAMPONI,REGINA,DA CONGELARE,RC,10cx125g,IT 
160008475,LAMPONI,REGINA,SO,RC,8cx125g,IT 
160008476,LAMPONI,DIVERSE,SO,RC,8cx125g,IT 
160008477,LAMPONI,REGINA,DA CONGELARE,RC,10cx125g,IT 
160008479,LAMPONI,REGINA,SO,RC,8cx125g,IT 
160008480,LAMPONI,DIVERSE,SO,RC,8cx125g,IT 
160008486,LAMPONI,DIVERSE,SO,RC,8cx125g,IT 
160008487,LAMPONI,VERSAILLES,SO,RC,8cx125g,IT 
160008499,LAMPONI,REGINA,SO,RC,8cx125g,IT 
160008504,LAMPONI,DIVERSE,SO DECLASSATI,RC,8cx125g,IT 
160008505,LAMPONI,REGINA,SO,RC,8cx125g,IT 
160008510,LAMPONI,ERIKA,SO,RC,8cx125g,IT 
160008511,LAMPONI,REGINA,SO,RC,8cx125g,IT 
160008512,LAMPONI,AMIRA,DA CONGELARE,RC,10cx125g,IT 
160008513,LAMPONI,AMIRA,SO,RC,8cx125g,IT 
160008514,LAMPONI,DIVERSE,SO,RC,8cx125g,IT 
160008515,LAMPONI,ERIKA,SO,RC,8cx125g,IT 
160008516,LAMPONI,DIVERSE,SO DECLASSATI,RC,8cx125g,IT 
160008517,LAMPONI,-,SO DECLASSATI,RC,8cx125g,IT 
160008518,LAMPONI,-,SO DECLASSATI,RC,8cx125g,IT 
160008519,LAMPONI,-,SO DECLASSATI,RC,8cx125g,IT 
160008520,LAMPONI,AMIRA,DA CONGELARE,RC,10cx125g,IT 
160008521,LAMPONI,DIVERSE,SO DECLASSATI,RC,8cx125g,IT 
160008522,LAMPONI,DIVERSE,SO,RC,8cx125g,IT 
160008523,LAMPONI,AMIRA,SO,RC,8cx125g,IT 
160008524,LAMPONI,ERIKA,SO,RC,8cx125g,IT 
160008531,LAMPONI,-,SO DECLASSATI,RC,8cx125g,IT 
160008532,LAMPONI,-,SO DECLASSATI,RC,8cx125g,IT 
160008533,LAMPONI,DIVERSE,SO DECLASSATI,RC,8cx125g,IT 
160008538,LAMPONI,AMIRA,DA CONGELARE,RC,10cx125g,IT 
160008539,LAMPONI,DIVERSE,SO DECLASSATI,RC,8cx125g,IT 
160008540,LAMPONI,-,SO DECLASSATI,RC,8cx125g,IT 
160008541,LAMPONI,-,SO DECLASSATI,RC,8cx125g,IT 
160008553,LAMPONI,ERIKA,SO,RC,8cx125g,IT 
160008554,LAMPONI,ERIKA,DA CONGELARE,RC,10cx125g,IT 
160008555,LAMPONI,REGINA,SO SUP,RC,8cx125g,IT 
160008556,LAMPONI,ERIKA,SO SUP,RC,8cx125g,IT 
160008557,LAMPONI,REGINA,SO,RC,8cx125g,IT 
160008558,LAMPONI,ERIKA,DA CONGELARE,RC,10cx125g,IT 
160008559,LAMPONI,REGINA,SO,RC,8cx125g,IT 
160008560,LAMPONI,ERIKA,SO,RC,8cx125g,IT 
160008562,LAMPONI,REGINA,DA CONGELARE,RC,10cx125g,IT 
160008564,LAMPONI,ERIKA,SO,RC,8cx125g,IT 
160008573,LAMPONI,REGINA,SO SUP,RC,8cx125g,IT 
160008574,LAMPONI,REGINA,SO,RC,8cx125g,IT 
160008575,LAMPONI,ERIKA,SO SUP,RC,8cx125g,IT 
160008576,LAMPONI,ERIKA,SO,RC,8cx125g,IT 
160008577,LAMPONI,ERIKA,SO,RC,8cx125g,IT 
160008578,LAMPONI,ERIKA,DA CONGELARE,RC,10cx125g,IT 
160008579,LAMPONI,-,SO DECLASSATI,RC,8cx125g,IT 
160008580,LAMPONI,ERIKA,SO,RC,8cx125g,IT 
160008581,LAMPONI,ERIKA,SO,RC,8cx125g,IT 
160008582,LAMPONI,REGINA,SO,RC,8cx125g,IT 
160008583,LAMPONI,REGINA,SO,RC,8cx125g,IT 
160008584,LAMPONI,ERIKA,SO SUP,RC,8cx125g,IT 
160008585,LAMPONI,-,SO DECLASSATI,RC,8cx125g,IT 
160008586,LAMPONI,REGINA,DA CONGELARE,RC,10cx125g,IT 
160008600,LAMPONI,REGINA,SO,RC,8cx125g,IT 
160008610,LAMPONI,DIVERSE,SO DECLASSATI,RC,8cx125g,IT 
160008612,LAMPONI,VERSAILLES,SO,RC,8cx125g,IT 
160008613,LAMPONI,DIVERSE,SO,RC,8cx125g,IT 
160008614,LAMPONI,REGINA,SO,RC,8cx125g,IT 
160008616,LAMPONI,REGINA,SO,RC,8cx125g,IT 
160008617,LAMPONI,DIVERSE,SO,RC,8cx125g,IT 
160008618,LAMPONI,VERSAILLES,SO,RC,8cx125g,IT 
160008619,LAMPONI,DIVERSE,SO DECLASSATI,RC,8cx125g,IT 
160008623,LAMPONI,REGINA,SO,RC,8cx125g,IT 
160008624,LAMPONI,DIVERSE,SO,RC,8cx125g,IT 
160008625,LAMPONI,VERSAILLES,SO,RC,8cx125g,IT 
160008626,LAMPONI,DIVERSE,SO,RC,8cx125g,IT 
160008633,LAMPONI,DIVERSE,SO DECLASSATI,RC,8cx125g,IT 
160008634,LAMPONI,VERSAILLES,SO,RC,8cx125g,IT 
160008635,LAMPONI,DIVERSE,SO DECLASSATI,RC,8cx125g,IT 
160008636,LAMPONI,REGINA,SO,RC,8cx125g,IT 
160008654,LAMPONI,DIVERSE,SO,RC,8cx125g,IT 
160008655,LAMPONI,-,SO DECLASSATI,RC,8cx125g,IT 
160008656,LAMPONI,DIVERSE,SO,RC,8cx125g,IT 
160008657,LAMPONI,VERSAILLES,SO,RC,8cx125g,IT 
160008712,LAMPONI,DIVERSE,SO,RC,8cx125g,IT 
160008713,LAMPONI,ERIKA,DA CONGELARE,RC,10cx125g,IT 
160008714,LAMPONI,-,SO DECLASSATI,RC,8cx125g,IT 
160008715,LAMPONI,VAIOLET,SO,RC,8cx125g,IT 
160008717,LAMPONI,ERIKA,SO,RC,8cx125g,IT 
160008718,LAMPONI,REGINA,SO,RC,8cx125g,IT 
160008719,LAMPONI,-,SO DECLASSATI,RC,8cx125g,IT 
160008720,LAMPONI,ERIKA,SO,RC,8cx125g,IT 
160008721,LAMPONI,ERIKA,SO,RC,8cx125g,IT 
160008725,LAMPONI,-,NON COMMERCIABILE,RC,10cx125g,IT 
160008726,LAMPONI,-,SO DECLASSATI,RC,8cx125g,IT 
160008727,LAMPONI,DIVERSE,SO DECLASSATI,RC,8cx125g,IT 
160008728,LAMPONI,ERIKA,SO,RC,8cx125g,IT 
160008729,LAMPONI,REGINA,SO SUP,RC,8cx125g,IT 
160008730,LAMPONI,DIVERSE,SO DECLASSATI,RC,8cx125g,IT 
160008731,LAMPONI,REGINA,SO,RC,8cx125g,IT 
160008732,LAMPONI,DIVERSE,SO,RC,8cx125g,IT 
160008733,LAMPONI,REGINA,SO,RC,8cx125g,IT 
160008734,LAMPONI,ERIKA,SO,RC,8cx125g,IT 
160008735,LAMPONI,ERIKA,SO,RC,8cx125g,IT 
160008736,LAMPONI,-,SO DECLASSATI,RC,8cx125g,IT 
160008737,LAMPONI,DIVERSE,SO DECLASSATI,RC,8cx125g,IT 
160008740,LAMPONI,ERIKA,SO,RC,8cx125g,IT 
160008741,LAMPONI,DIVERSE,SO,RC,8cx125g,IT 
160008742,LAMPONI,ERIKA,DA CONGELARE,RC,10cx125g,IT 
160008746,LAMPONI,DIVERSE,SO,RC,8cx125g,IT 
160008747,LAMPONI,ERIKA,SO,RC,8cx125g,IT 
160008748,LAMPONI,ERIKA,DA CONGELARE,RC,10cx125g,IT 
160008749,LAMPONI,DIVERSE,SO DECLASSATI,RC,8cx125g,IT 
160008750,LAMPONI,ERIKA,SO,RC,8cx125g,IT 
160008758,LAMPONI,ERIKA,SO,RC,8cx125g,IT 
160008759,LAMPONI,DIVERSE,SO,RC,8cx125g,IT 
160008763,LAMPONI,DIVERSE,SO DECLASSATI,RC,8cx125g,IT 
160008764,LAMPONI,ERIKA,SO,RC,8cx125g,IT 
160008801,LAMPONI,REGINA,SO,RC,8cx125g,IT 
160008802,LAMPONI,DIVERSE,SO,RC,8cx125g,IT 
160009032,LAMPONI,VERSAILLES,SO,RC,8cx125g,IT 
160009089,LAMPONI,DIVERSE,SO,RC,8cx125g,IT 
160009090,LAMPONI,-,SO DECLASSATI,RC,8cx125g,IT 
160009091,LAMPONI,-,SO DECLASSATI,RC,8cx125g,IT 
160009092,LAMPONI,VERSAILLES,SO,RC,8cx125g,IT 
160009093,LAMPONI,DIVERSE,SO,RC,8cx125g,IT 
160009094,LAMPONI,-,SO DECLASSATI,RC,8cx125g,IT 
160009095,LAMPONI,-,SO DECLASSATI,RC,8cx125g,IT 
160009096,LAMPONI,DIVERSE,SO DECLASSATI,RC,8cx125g,IT 
160009097,LAMPONI,DIVERSE,SO,RC,8cx125g,IT 
160009098,LAMPONI,REGINA,SO,RC,8cx125g,IT 
160009099,LAMPONI,VERSAILLES,SO,RC,8cx125g,IT 
160009100,LAMPONI,-,SO DECLASSATI,RC,8cx125g,IT 
160009163,LAMPONI,ERIKA,SO,RC,8cx125g,IT 
160009166,LAMPONI,DIVERSE,SO DECLASSATI,RC,8cx125g,IT 
160009167,LAMPONI,ERIKA,SO,RC,8cx125g,IT 
160009168,LAMPONI,DIVERSE,SO,RC,8cx125g,IT 
160009173,LAMPONI,DIVERSE,SO DECLASSATI,RC,8cx125g,IT 
160009188,LAMPONI,ERIKA,SO,RC,8cx125g,IT 
160009189,LAMPONI,DIVERSE,SO DECLASSATI,RC,8cx125g,IT 
160009191,LAMPONI,ERIKA,SO,RC,8cx125g,IT 
160009192,LAMPONI,DIVERSE,SO DECLASSATI,RC,8cx125g,IT 
160009200,LAMPONI,ERIKA,SO,RC,8cx125g,IT 
160009331,LAMPONI,ERIKA,SO,RC,8cx125g,IT 
160009332,LAMPONI,DIVERSE,SO,RC,8cx125g,IT 
160009333,LAMPONI,ERIKA,SO,RC,8cx125g,IT 
160009334,LAMPONI,ERIKA,DA CONGELARE,RC,10cx125g,IT 
160009335,LAMPONI,DIVERSE,SO,RC,8cx125g,IT 
160009336,LAMPONI,-,SO DECLASSATI,RC,8cx125g,IT 
160009337,LAMPONI,DIVERSE,SO,RC,8cx125g,IT 
160009464,LAMPONI,ERIKA,SO,RC,8cx125g,IT 
160009465,LAMPONI,ERIKA,SO,RC,8cx125g,IT 
160009466,LAMPONI,REGINA,SO,RC,8cx125g,IT 
160009469,LAMPONI,DIVERSE,SO,RC,8cx125g,IT 
160009471,LAMPONI,DECLASSATI,INDUSTRIA,RC,10cx125g,IT 
160009474,LAMPONI,-,SO DECLASSATI,RC,8cx125g,IT 
160009476,LAMPONI,DIVERSE,SO,RC,8cx125g,IT 
160009477,LAMPONI,DIVERSE,SO,RC,8cx125g,IT 
160009478,LAMPONI,EVITA,SO,RC,8cx125g,IT 
160009479,LAMPONI,-,SO DECLASSATI,RC,8cx125g,IT 
160009481,LAMPONI,ERIKA,SO,RC,8cx125g,IT 
160009482,LAMPONI,DIVERSE,SO DECLASSATI,RC,8cx125g,IT 
160009483,LAMPONI,VAIOLET,SO,RC,8cx125g,IT 
160009484,LAMPONI,VAIOLET,SO,RC,8cx125g,IT 
160009485,LAMPONI,DIVERSE,SO,RC,8cx125g,IT 
160009486,LAMPONI,REGINA,SO,RC,8cx125g,IT 
160009487,LAMPONI,REGINA,SO,RC,8cx125g,IT 
160009488,LAMPONI,AMIRA,DA CONGELARE,RC,10cx125g,IT 
160009562,LAMPONI,ERIKA,SO,RC,8cx125g,IT 
160009563,LAMPONI,-,SO DECLASSATI,RC,8cx125g,IT 
160009565,LAMPONI,ERIKA,SO,RC,8cx125g,IT 
160009568,LAMPONI,ERIKA,SO,RC,8cx125g,IT 
160009569,LAMPONI,REGINA,SO,RC,8cx125g,IT 
160009570,LAMPONI,ERIKA,SO,RC,8cx125g,IT 
160009574,LAMPONI,ERIKA,SO,RC,8cx125g,IT 
160009588,LAMPONI,REGINA,SO,RC,8cx125g,IT 
160009589,LAMPONI,ERIKA,SO,RC,8cx125g,IT 
160009590,LAMPONI,REGINA,SO,RC,8cx125g,IT 
160009591,LAMPONI,ERIKA,SO,RC,8cx125g,IT 
160009703,LAMPONI,ERIKA,SO,RC,8cx125g,IT 
160009705,LAMPONI,DECLASSATI,INDUSTRIA,RC,10cx125g,IT 
160009706,LAMPONI,REGINA,SO,RC,8cx125g,IT 
160009707,LAMPONI,DIVERSE,SO,RC,8cx125g,IT 
160009708,LAMPONI,ERIKA,SO,RC,8cx125g,IT 
160009710,LAMPONI,REGINA,SO,RC,8cx125g,IT 
160009713,LAMPONI,ERIKA,SO,RC,8cx125g,IT 
160009714,LAMPONI,REGINA,SO,RC,8cx125g,IT 
160009729,LAMPONI,ERIKA,SO,RC,8cx125g,IT 
160009730,LAMPONI,REGINA,SO,RC,8cx125g,IT 
160009731,LAMPONI,ERIKA,DA CONGELARE,RC,10cx125g,IT 
160009741,LAMPONI,REGINA,SO,RC,8cx125g,IT 
160009742,LAMPONI,ERIKA,SO,RC,8cx125g,IT 
160009867,LAMPONI,VAIOLET,SO,RC,8cx125g,IT 
160009868,LAMPONI,DIVERSE,SO DECLASSATI,RC,8cx125g,IT 
160009869,LAMPONI,VAIOLET,SO,RC,8cx125g,IT 
160009870,LAMPONI,EVITA,SO SUP,RC,8cx125g,IT 
160009871,LAMPONI,DIVERSE,SO,RC,8cx125g,IT 
160009872,LAMPONI,DIVERSE,SO,RC,8cx125g,IT 
160009873,LAMPONI,DIVERSE,SO DECLASSATI,RC,8cx125g,IT 
160009874,LAMPONI,-,SO DECLASSATI,RC,8cx125g,IT 
160009875,LAMPONI,-,SO DECLASSATI,RC,8cx125g,IT 
160009876,LAMPONI,REGINA,SO,RC,8cx125g,IT 
160009879,LAMPONI,EVITA,SO SUP,RC,8cx125g,IT 
160009882,LAMPONI,REGINA,SO,RC,8cx125g,IT 
160009885,LAMPONI,ERIKA,SO,RC,8cx125g,IT 
160009887,LAMPONI,VAIOLET,SO,RC,8cx125g,IT 
160009888,LAMPONI,VAIOLET,SO,RC,8cx125g,IT 
160009937,LAMPONI,VAIOLET,SO,RC,8cx125g,IT 
160009938,LAMPONI,ERIKA,SO,RC,8cx125g,IT 
160009939,LAMPONI,ERIKA,DA CONGELARE,RC,10cx125g,IT 
160009940,LAMPONI,DIVERSE,SO DECLASSATI,RC,8cx125g,IT 
160009941,LAMPONI,DIVERSE,SO DECLASSATI,RC,8cx125g,IT 
160009942,LAMPONI,VAIOLET,SO,RC,8cx125g,IT 
160009943,LAMPONI,ERIKA,SO,RC,8cx125g,IT 
160009944,LAMPONI,VAIOLET,SO,RC,8cx125g,IT 
160009945,LAMPONI,ERIKA,DA CONGELARE,RC,10cx125g,IT 
160009946,LAMPONI,VAIOLET,SO,RC,8cx125g,IT 
160009950,LAMPONI,VAIOLET,SO,RC,8cx125g,IT 
160009951,LAMPONI,VAIOLET,SO,RC,8cx125g,IT 
160009952,LAMPONI,DIVERSE,SO DECLASSATI,RC,8cx125g,IT 
160009965,LAMPONI,VAIOLET,SO,RC,8cx125g,IT 
160009966,LAMPONI,VAIOLET,SO,RC,8cx125g,IT 
160009967,LAMPONI,ERIKA,SO,RC,8cx125g,IT 
160009968,LAMPONI,DECLASSATI,INDUSTRIA,RC,10cx125g,IT 
160009969,LAMPONI,-,SO DECLASSATI,RC,8cx125g,IT 
160009970,LAMPONI,VAIOLET,SO,RC,8cx125g,IT 
160009971,LAMPONI,ERIKA,SO,RC,8cx125g,IT 
160009972,LAMPONI,DIVERSE,SO DECLASSATI,RC,8cx125g,IT 
160009973,LAMPONI,VAIOLET,SO,RC,8cx125g,IT 
160009974,LAMPONI,VAIOLET,SO,RC,8cx125g,IT 
160009975,LAMPONI,ERIKA,SO,RC,8cx125g,IT 
160009976,LAMPONI,DECLASSATI,INDUSTRIA,RC,10cx125g,IT 
160009977,LAMPONI,DIVERSE,SO,RC,8cx125g,IT 
160009982,LAMPONI,DIVERSE,SO,RC,8cx125g,IT 
160009983,LAMPONI,ERIKA,SO,RC,8cx125g,IT 
160009984,LAMPONI,VAIOLET,SO,RC,8cx125g,IT 
160009985,LAMPONI,VAIOLET,SO,RC,8cx125g,IT 
160009986,LAMPONI,VAJOLET,DA CONGELARE,RC,10cx125g,IT 
160009987,LAMPONI,ERIKA,SO,RC,8cx125g,IT 
160009988,LAMPONI,VAIOLET,SO,RC,8cx125g,IT 
160009989,LAMPONI,DIVERSE,SO DECLASSATI,RC,8cx125g,IT 
160009990,LAMPONI,ERIKA,SO,RC,8cx125g,IT 
160009991,LAMPONI,VAIOLET,SO,RC,8cx125g,IT 
160009992,LAMPONI,DIVERSE,SO DECLASSATI,RC,8cx125g,IT 
160011801,LAMPONI,VAIOLET,SO SUP,PD,8cx125g,IT 
160011802,LAMPONI,VAJOLET,DA CONGELARE,PD,10cx125g,IT 
160011803,LAMPONI,VAIOLET,SO,PD,8cx125g,IT 
160011804,LAMPONI,VAJOLET,DA CONGELARE,PD,10cx125g,IT 
160011805,LAMPONI,-,SO DECLASSATI,PD,8cx125g,IT 
160011806,LAMPONI,-,SO DECLASSATI,PD,8cx125g,IT 
160011807,LAMPONI,VAJOLET,DA CONGELARE,PD,10cx125g,IT 
160011808,LAMPONI,VAIOLET,SO SUP,PD,8cx125g,IT 
160011809,LAMPONI,VAIOLET,SO SUP,PD,8cx125g,IT 
160011810,LAMPONI,VAIOLET,SO SUP,PD,8cx125g,IT 
160011811,LAMPONI,VAIOLET,SO SUP,PD,8cx125g,IT 
160011812,LAMPONI,DIVERSE,SO,PD,8cx125g,IT 
160011813,LAMPONI,VAIOLET,SO SUP,PD,8cx125g,IT 
160011814,LAMPONI,VAIOLET,SO SUP,PD,8cx125g,IT 
160011815,LAMPONI,DIVERSE,SO,PD,8cx125g,IT 
160011816,LAMPONI,VAJOLET,DA CONGELARE,PD,10cx125g,IT 
160011817,LAMPONI,VAIOLET,SO SUP,PD,8cx125g,IT 
160011828,LAMPONI,VAJOLET,DA CONGELARE,PD,8cx125g,IT 
160011829,LAMPONI,VAIOLET,SO SUP,PD,8cx125g,IT 
160011830,LAMPONI,DIVERSE,SO,PD,8cx125g,IT 
160011831,LAMPONI,VAIOLET,SO SUP,PD,8cx125g,IT 
160011842,LAMPONI,VAIOLET,SO SUP,PD,8cx125g,IT 
160011843,LAMPONI,DIVERSE,SO,PD,8cx125g,IT 
160011845,LAMPONI,VAJOLET,DA CONGELARE,PD,8cx125g,IT 
160011846,LAMPONI,VAJOLET,DA CONGELARE,PD,8cx125g,IT 
160011847,LAMPONI,VAIOLET,SO SUP,PD,8cx125g,IT 
160013423,LAMPONI,KWANZA,SO SUP,VR,8cx125g,IT 
160013425,LAMPONI,KWANZA,SO SUP,VR,8cx125g,IT 
160013436,LAMPONI,AMIRA,SO,VR,8cx125g,IT 
160013446,LAMPONI,KWANZA,SO SUP,VR,8cx125g,IT 
160013447,LAMPONI,KWANZA,SO SUP,VR,8cx125g,IT 
160013448,LAMPONI,KWANZA,SO SUP,VR,8cx125g,IT 
160013449,LAMPONI,KWANZA,SO SUP,VR,8cx125g,IT 
160013512,LAMPONI,AMIRA,SO,VR,8cx125g,IT 
160013513,LAMPONI,AMIRA,DA CONGELARE,VR,10cx125g,IT 
160013514,LAMPONI,KWANZA,SO SUP,VR,8cx125g,IT 
160013515,LAMPONI,KWANZA,SO SUP,VR,8cx125g,IT 
160013523,LAMPONI,KWANZA,SO SUP,VR,8cx125g,IT 
160013527,LAMPONI,KWANZA,SO SUP,VR,8cx125g,IT 
160013541,LAMPONI,AMIRA,SO,VR,8cx125g,IT 
160013542,LAMPONI,KWANZA,SO SUP,VR,8cx125g,IT 
160013553,LAMPONI,KWANZA,SO SUP,VR,8cx125g,IT 
160014213,LAMPONI,AMIRA,SO,VR,8cx125g,IT 
160014215,LAMPONI,REGINA,SO,VR,8cx125g,IT 
160014219,LAMPONI,AMIRA,SO SUP,VR,8cx125g,IT 
160014223,LAMPONI,REGINA,SO,VR,8cx125g,IT 
160015119,LAMPONI,VAIOLET,SO,TN,8cx125g,IT 
160015124,LAMPONI,VAIOLET,SO,TN,8cx125g,IT 
160015134,LAMPONI,VAIOLET,SO,TN,8cx125g,IT 
160015135,LAMPONI,VAIOLET,SO,TN,8cx125g,IT 
160015145,LAMPONI,VAIOLET,SO SUP,TN,8cx125g,IT 
160015146,LAMPONI,VAIOLET,SO SUP,TN,8cx125g,IT 
160015401,LAMPONI,VAIOLET,SO,TN,8cx125g,IT 
160015402,LAMPONI,ERIKA,SO,TN,8cx125g,IT 
160015403,LAMPONI,ERIKA,SO,TN,8cx125g,IT 
160015404,LAMPONI,VAIOLET,SO,TN,8cx125g,IT 
160015405,LAMPONI,VAIOLET,SO,TN,8cx125g,IT 
160015406,LAMPONI,ERIKA,SO,TN,8cx125g,IT 
160015409,LAMPONI,ERIKA,SO,TN,8cx125g,IT 
160015410,LAMPONI,VAIOLET,SO,TN,8cx125g,IT 
160015411,LAMPONI,VAIOLET,SO,TN,8cx125g,IT 
160015412,LAMPONI,ERIKA,SO,TN,8cx125g,IT 
160015413,LAMPONI,VAIOLET,SO,TN,8cx125g,IT 
160015414,LAMPONI,ERIKA,SO,TN,8cx125g,IT 
160015415,LAMPONI,VAIOLET,SO,TN,8cx125g,IT 
160015417,LAMPONI,ERIKA,SO,TN,8cx125g,IT 
160015424,LAMPONI,ERIKA,SO,TN,8cx125g,IT 
160015425,LAMPONI,DIVERSE,DECLASSATI,TN,8cx125g,IT 
160015426,LAMPONI,VAIOLET,SO,TN,8cx125g,IT 
160015427,LAMPONI,DIVERSE,DECLASSATI,TN,8cx125g,IT 
160015428,LAMPONI,DIVERSE,DECLASSATI,TN,8cx125g,IT 
160015429,LAMPONI,LAGORAI PLUS,SO,TN,8cx125g,IT 
160015430,LAMPONI,LAGORAI PLUS,SO,TN,8cx125g,IT 
160015431,LAMPONI,ERIKA,SO,TN,8cx125g,IT 
160015432,LAMPONI,ERIKA,SO,TN,8cx125g,IT 
160015436,LAMPONI,ERIKA,SO,TN,8cx125g,IT 
160015437,LAMPONI,VAIOLET,SO,TN,8cx125g,IT 
160015438,LAMPONI,LAGORAI PLUS,SO,TN,8cx125g,IT 
160015439,LAMPONI,ERIKA,SO,TN,8cx125g,IT 
160015440,LAMPONI,LAGORAI PLUS,SO,TN,8cx125g,IT 
160015791,LAMPONI,DIVERSE,SO,TN,8cx125g,IT 
160015792,LAMPONI,ENROSADIRA,SO SUP,TN,8cx125g,IT 
160015794,LAMPONI,ENROSADIRA,SO,TN,8cx125g,IT 
160015795,LAMPONI,DIVERSE,SO,TN,8cx125g,IT 
160016551,LAMPONI,-,SO DECLASSATI,TN,8cx125g,IT 
160016552,LAMPONI,TULAMEEN,SO,TN,8cx125g,IT 
160016555,LAMPONI,TULAMEEN,DA CONGELARE,TN,10cx125g,IT 
160016556,LAMPONI,TULAMEEN,SO,TN,8cx125g,IT 
160016559,LAMPONI,TULAMEEN,SO,TN,8cx125g,IT 
160016560,LAMPONI,DIVERSE,SO,TN,8cx125g,IT 
160017101,LAMPONI,VERSAILLES,SO,TN,8cx125g,IT 
160017103,LAMPONI,VERSAILLES,SO SUP,TN,8cx125g,IT 
160017104,LAMPONI,VERSAILLES,SO SUP,TN,8cx125g,IT 
160017108,LAMPONI,VERSAILLES,SO SUP,TN,8cx125g,IT 
160017109,LAMPONI,PARIS,SO SUP,TN,8cx125g,IT 
160017110,LAMPONI,VERSAILLES,SO SUP,TN,8cx125g,IT 
160017111,LAMPONI,VERSAILLES,SO SUP,TN,8cx125g,IT 
160017112,LAMPONI,PARIS,SO,TN,8cx125g,IT 
160017113,LAMPONI,DIVERSE,SO,TN,8cx125g,IT 
160017116,LAMPONI,PARIS,SO SUP,TN,8cx125g,IT 
160017117,LAMPONI,VERSAILLES,SO SUP,TN,8cx125g,IT 
160017403,LAMPONI,VAIOLET,SO,TN,8cx125g,IT 
160017447,LAMPONI,DECLASSATI,INDUSTRIA,TN,8cx125g,IT 
160017630,LAMPONI,LAGORAI PLUS,SO SUP,TN,8cx125g,IT 
160019810,LAMPONI,LAGORAI PLUS,SO SUP,TN,8cx125g,IT 
160027906,LAMPONI,VAIOLET,SO,RC,8cx125g,IT 
160027907,LAMPONI,ERIKA,SO,RC,8cx125g,IT 
160027908,LAMPONI,DIVERSE,SO DECLASSATI,RC,8cx125g,IT 
160028714,LAMPONI,-,NON COMMERCIABILE,RC,10cx125g,IT 
160028715,LAMPONI,-,SO DECLASSATI,RC,8cx125g,IT 
160028716,LAMPONI,DIVERSE,SO,RC,8cx125g,IT 
160028718,LAMPONI,VAIOLET,SO,RC,8cx125g,IT 
160028720,LAMPONI,ERIKA,SO,RC,8cx125g,IT 
160028721,LAMPONI,DIVERSE,SO,RC,8cx125g,IT 
160028722,LAMPONI,ERIKA,SO,RC,8cx125g,IT 
160028723,LAMPONI,VAIOLET,SO,RC,8cx125g,IT 
160028724,LAMPONI,DIVERSE,SO DECLASSATI,RC,8cx125g,IT 
160028725,LAMPONI,DIVERSE,SO DECLASSATI,RC,8cx125g,IT 
160028744,LAMPONI,DIVERSE,SO,RC,8cx125g,IT 
160029501,LAMPONI,REGINA,SO,RC,8cx125g,IT 
160029502,LAMPONI,ERIKA,SO,RC,8cx125g,IT 
160029503,LAMPONI,DIVERSE,SO,RC,8cx125g,IT 
160029504,LAMPONI,DIVERSE,SO,RC,8cx125g,IT 
160029520,LAMPONI,ERIKA,SO,RC,8cx125g,IT 
160029521,LAMPONI,DIVERSE,SO,RC,8cx125g,IT 
160029522,LAMPONI,ERIKA,DA CONGELARE,RC,10cx125g,IT 
160029523,LAMPONI,REGINA,SO,RC,8cx125g,IT 
160029524,LAMPONI,REGINA,DA CONGELARE,RC,10cx125g,IT 
160029525,LAMPONI,REGINA,SO,RC,8cx125g,IT 
160029526,LAMPONI,ERIKA,SO,RC,8cx125g,IT 
160029535,LAMPONI,REGINA,SO,RC,8cx125g,IT 
160029536,LAMPONI,ERIKA,SO,RC,8cx125g,IT 
160029537,LAMPONI,DIVERSE,SO DECLASSATI,RC,8cx125g,IT 
160029539,LAMPONI,REGINA,SO,RC,8cx125g,IT 
160029540,LAMPONI,ERIKA,SO,RC,8cx125g,IT 
160029601,LAMPONI,ERIKA,SO,RC,8cx125g,IT 
160029603,LAMPONI,DIVERSE,SO DECLASSATI,RC,8cx125g,IT 
160029604,LAMPONI,VAIOLET,SO,RC,8cx125g,IT 
160029651,LAMPONI,DIVERSE,SO DECLASSATI,RC,8cx125g,IT 
160029652,LAMPONI,VAIOLET,SO,RC,8cx125g,IT 
160029653,LAMPONI,ERIKA,SO,RC,8cx125g,IT 
160030201,LAMPONI,VAIOLET,SO,RC,8cx125g,IT 
160030202,LAMPONI,DIVERSE,SO,RC,8cx125g,IT 
160030206,LAMPONI,DIVERSE,SO,RC,8cx125g,IT 
160030208,LAMPONI,DIVERSE,SO,RC,8cx125g,IT 
160030302,LAMPONI,REGINA,SO,RC,8cx125g,IT 
160030303,LAMPONI,EVITA,SO SUP,RC,8cx125g,IT 
160030304,LAMPONI,DIVERSE,SO DECLASSATI,RC,8cx125g,IT 
160030318,LAMPONI,VAIOLET,SO,RC,8cx125g,IT 
160030319,LAMPONI,REGINA,SO,RC,8cx125g,IT 
160030321,LAMPONI,EVITA,SO SUP,RC,8cx125g,IT 
160030330,LAMPONI,DIVERSE,SO DECLASSATI,RC,8cx125g,IT 
160031001,LAMPONI,VAIOLET,SO,RC,8cx125g,IT 
160031002,LAMPONI,DIVERSE,SO DECLASSATI,RC,8cx125g,IT 
160031003,LAMPONI,REGINA,SO,RC,8cx125g,IT 
160031103,LAMPONI,VAJOLET,DA CONGELARE,RC,10cx125g,IT 
160031104,LAMPONI,VAIOLET,SO,RC,8cx125g,IT 
160031107,LAMPONI,REGINA,SO,RC,8cx125g,IT 
160031108,LAMPONI,REGINA,DA CONGELARE,RC,10cx125g,IT 
160031109,LAMPONI,REGINA,SO,RC,8cx125g,IT 
160031118,LAMPONI,REGINA,SO,RC,8cx125g,IT 
160031123,LAMPONI,DOLOMIA PLUS,SO,RC,8cx125g,IT 
160031129,LAMPONI,DIVERSE,SO,RC,8cx125g,IT 
160031198,LAMPONI,-,SO DECLASSATI,RC,8cx125g,IT 
160031818,LAMPONI,AMARANTA,SO,RC,8cx125g,IT 
160031819,LAMPONI,EVITA,SO SUP,RC,8cx125g,IT 
160031820,LAMPONI,VAIOLET,SO,RC,8cx125g,IT 
160031822,LAMPONI,VAIOLET,SO,RC,8cx125g,IT 
160031824,LAMPONI,DOLOMIA PLUS,SO SUP,RC,8cx125g,IT 
160031825,LAMPONI,DIVERSE,SO,RC,8cx125g,IT 
160031834,LAMPONI,EVITA,SO SUP,RC,8cx125g,IT 
160031835,LAMPONI,AMARANTA,SO,RC,8cx125g,IT 
160031836,LAMPONI,REGINA,SO,RC,8cx125g,IT 
160031837,LAMPONI,VAIOLET,SO,RC,8cx125g,IT 
160031907,LAMPONI,DIVERSE,SO,RC,8cx125g,IT 
160031909,LAMPONI,DIVERSE,SO,RC,8cx125g,IT 
160031910,LAMPONI,ERIKA,SO,RC,8cx125g,IT 
160031918,LAMPONI,VAJOLET,DA CONGELARE,RC,10cx125g,IT 
160031941,LAMPONI,REGINA,SO,RC,8cx125g,IT 
160031943,LAMPONI,DIVERSE,SO,RC,8cx125g,IT 
160031944,LAMPONI,REGINA,SO,RC,8cx125g,IT 
160031945,LAMPONI,ERIKA,SO,RC,8cx125g,IT 
160031946,LAMPONI,DIVERSE,SO,RC,8cx125g,IT 
160031947,LAMPONI,VAIOLET,SO,RC,8cx125g,IT 
160031952,LAMPONI,DIVERSE,SO,RC,8cx125g,IT 
160032002,LAMPONI,ERIKA,SO,RC,8cx125g,IT 
160032004,LAMPONI,DIVERSE,SO DECLASSATI,RC,8cx125g,IT 
160032017,LAMPONI,ERIKA,SO,RC,8cx125g,IT 
160032018,LAMPONI,DIVERSE,SO DECLASSATI,RC,8cx125g,IT 
160032025,LAMPONI,DIVERSE,SO DECLASSATI,RC,8cx125g,IT 
160036811,LAMPONI,DIVERSE,SO,BS,8cx125g,IT 
160036812,LAMPONI,VAJOLET,SO SUP,BS,8cx125g,IT 
160036813,LAMPONI,DIVERSE,SO,BS,8cx125g,IT 
160036814,LAMPONI,VAJOLET,SO,BS,8cx125g,IT 
160036942,LAMPONI,VAIOLET,SO,TN,8cx125g,IT 
